# Blender v2.91.2 OBJ File: ''
# www.blender.org
mtllib globe.mtl
o Icosphere
v 0.000000 -1.000000 0.000000
v 0.730451 -0.451660 0.528576
v -0.278264 -0.464386 0.880961
v -0.894426 -0.447216 0.000000
v -0.276388 -0.447220 -0.850649
v 0.730086 -0.451224 -0.530432
v 0.276388 0.447220 0.850649
v -0.758271 0.468643 0.550909
v -0.723607 0.447220 -0.525725
v 0.279842 0.453126 -0.862152
v 0.967322 0.475496 -0.004969
v 0.000415 1.032937 -0.002257
v -0.260850 -0.557462 0.803419
v -0.232822 -0.657519 0.716563
v -0.200688 -0.760403 0.617666
v -0.162456 -0.850654 0.499995
v -0.120413 -0.920955 0.370598
v -0.077607 -0.967950 0.238853
v -0.036848 -0.992865 0.113408
v 0.096471 -0.992865 0.070089
v 0.203181 -0.967950 0.147618
v 0.315251 -0.920955 0.229040
v 0.425323 -0.850654 0.309011
v 0.525420 -0.760403 0.381735
v 0.609547 -0.657519 0.442856
v 0.682539 -0.556632 0.495590
v 0.675166 -0.507160 0.632648
v 0.553482 -0.528362 0.713180
v 0.405008 -0.519572 0.752338
v 0.262869 -0.525738 0.809012
v 0.114564 -0.519572 0.846711
v -0.029639 -0.502302 0.864184
v -0.162039 -0.478656 0.866977
v 0.791443 -0.490329 -0.431438
v 0.827406 -0.511614 -0.298474
v 0.840673 -0.519571 -0.152694
v 0.850648 -0.525736 0.000000
v 0.840673 -0.519571 0.152694
v 0.812729 -0.502301 0.295238
v 0.771771 -0.476987 0.420539
v 0.096471 -0.992865 -0.070089
v 0.203181 -0.967950 -0.147618
v 0.315251 -0.920955 -0.229040
v 0.425323 -0.850654 -0.309011
v 0.525420 -0.760403 -0.381735
v 0.609547 -0.657519 -0.442856
v 0.675300 -0.550685 -0.490628
v -0.834716 -0.550681 0.000000
v -0.753442 -0.657515 0.000000
v -0.649456 -0.760399 0.000000
v -0.525730 -0.850652 0.000000
v -0.389673 -0.920953 0.000000
v -0.252670 -0.973857 0.000000
v -0.119245 -0.992865 0.000000
v -0.397614 -0.506252 0.840053
v -0.495905 -0.514670 0.732597
v -0.610359 -0.537138 0.638633
v -0.695515 -0.531333 0.505320
v -0.769872 -0.519570 0.370600
v -0.831051 -0.502299 0.238853
v -0.871565 -0.476984 0.113408
v -0.257937 -0.550685 -0.793860
v -0.232822 -0.657519 -0.716563
v -0.200688 -0.760403 -0.617666
v -0.167768 -0.876821 -0.518335
v -0.126281 -0.967520 -0.390222
v -0.080828 -1.008399 -0.248770
v -0.037783 -1.018600 -0.116288
v -0.871565 -0.476984 -0.113408
v -0.831051 -0.502299 -0.238853
v -0.769872 -0.519570 -0.370600
v -0.688189 -0.525736 -0.499997
v -0.590366 -0.519572 -0.617668
v -0.483971 -0.502302 -0.716565
v -0.377183 -0.476988 -0.793861
v -0.161465 -0.476988 -0.863951
v -0.029639 -0.502302 -0.864184
v 0.114564 -0.519573 -0.846711
v 0.262869 -0.525738 -0.809012
v 0.405008 -0.519572 -0.752338
v 0.531941 -0.502302 -0.681712
v 0.638453 -0.476987 -0.604038
v 0.971097 0.366088 0.069534
v 0.956626 0.251149 0.147618
v 0.964711 0.129893 0.229041
v 0.951058 -0.000000 0.309013
v 0.915098 -0.129893 0.381737
v 0.860698 -0.251151 0.442858
v 0.794547 -0.357741 0.490629
v 0.849311 -0.385432 -0.526039
v 0.896321 -0.261050 -0.460443
v 0.963143 -0.136367 -0.400721
v 0.959631 0.000276 -0.311371
v 0.964711 0.129893 -0.229041
v 0.956626 0.251149 -0.147618
v 0.985869 0.372534 -0.076592
v 0.221089 0.357741 0.907271
v 0.156934 0.253932 0.965944
v 0.080819 0.130773 0.994931
v -0.000000 -0.000000 1.012570
v -0.080276 -0.129894 0.988273
v -0.157308 -0.254750 0.970602
v -0.224237 -0.364301 0.924394
v 0.753007 -0.378609 0.629241
v 0.741225 -0.271357 0.727256
v 0.696302 -0.135594 0.810641
v 0.617905 0.001233 0.851878
v 0.549645 0.142515 0.905264
v 0.445667 0.258456 0.885087
v 0.354409 0.357742 0.863953
v -0.822810 0.370552 0.508137
v -0.893420 0.256970 0.456364
v -0.939602 0.133389 0.391970
v -0.951058 -0.000000 0.309013
v -0.964711 -0.129893 0.229041
v -0.956626 -0.251149 0.147618
v -0.931188 -0.357738 0.070089
v -0.370030 -0.376542 0.914784
v -0.455444 -0.256655 0.909675
v -0.515946 -0.129894 0.846716
v -0.587786 0.000000 0.809017
v -0.662045 0.131729 0.779074
v -0.718489 0.262654 0.712744
v -0.747296 0.375479 0.633763
v -0.712150 0.357741 -0.604039
v -0.687159 0.251152 -0.681715
v -0.645839 0.129894 -0.752343
v -0.587786 -0.000000 -0.809017
v -0.515946 -0.129894 -0.846716
v -0.436007 -0.251152 -0.864188
v -0.354409 -0.357742 -0.863953
v -0.931188 -0.357738 -0.070089
v -0.956626 -0.251149 -0.147618
v -0.964711 -0.129893 -0.229041
v -0.951058 0.000000 -0.309013
v -0.915098 0.129893 -0.381737
v -0.860698 0.251151 -0.442858
v -0.794547 0.357741 -0.490629
v 0.354409 0.357742 -0.863953
v 0.436007 0.251152 -0.864188
v 0.515946 0.129894 -0.846716
v 0.587786 -0.000000 -0.809017
v 0.645839 -0.129894 -0.752342
v 0.687159 -0.251152 -0.681715
v 0.728409 -0.366523 -0.618779
v -0.221089 -0.357741 -0.907271
v -0.155215 -0.251152 -0.955422
v -0.080276 -0.129894 -0.988273
v 0.000000 0.000000 -1.000000
v 0.080276 0.129894 -0.988273
v 0.155215 0.251152 -0.955422
v 0.221089 0.357741 -0.907271
v 0.928180 0.508190 0.118704
v 0.876502 0.533539 0.257647
v 0.769872 0.519570 0.370600
v 0.688189 0.525736 0.499997
v 0.590366 0.519572 0.617668
v 0.483971 0.502302 0.716565
v 0.377183 0.476988 0.793861
v 0.161465 0.476988 0.863951
v 0.029639 0.502302 0.864184
v -0.114564 0.519573 0.846711
v -0.264508 0.529017 0.814058
v -0.415675 0.533231 0.772111
v -0.557269 0.526148 0.714053
v -0.671533 0.501606 0.635172
v -0.802365 0.495895 0.437313
v -0.842095 0.520998 0.302440
v -0.854332 0.528012 0.155187
v -0.850648 0.525736 -0.000000
v -0.840673 0.519571 -0.152694
v -0.812729 0.502301 -0.295238
v -0.771771 0.476987 -0.420539
v -0.638452 0.476987 -0.604038
v -0.531941 0.502302 -0.681712
v -0.405921 0.520741 -0.754029
v -0.263690 0.527526 -0.811683
v -0.114564 0.519572 -0.846711
v 0.029842 0.505570 -0.869810
v 0.161748 0.477809 -0.865441
v 0.390854 0.496167 -0.827222
v 0.503625 0.524129 -0.749329
v 0.616029 0.547604 -0.651491
v 0.716568 0.548916 -0.522522
v 0.811412 0.549317 -0.393408
v 0.863811 0.522955 -0.250474
v 0.897255 0.490218 -0.117588
v 0.038056 1.030815 0.115693
v 0.081937 0.998170 0.247123
v 0.123852 0.942699 0.379475
v 0.162456 0.850654 0.499995
v 0.200688 0.760403 0.617666
v 0.232822 0.657519 0.716563
v 0.257937 0.550685 0.793860
v 0.885332 0.587243 -0.001400
v 0.782513 0.686627 0.000487
v 0.649456 0.760399 0.000000
v 0.525730 0.850652 0.000000
v 0.389673 0.920953 0.000000
v 0.254319 0.980253 0.000000
v 0.119889 0.998342 0.000000
v -0.100974 1.024598 0.069961
v -0.204710 0.975282 0.148729
v -0.315251 0.920955 0.229040
v -0.425323 0.850654 0.309011
v -0.525420 0.760403 0.381735
v -0.609547 0.657519 0.442856
v -0.698003 0.569103 0.507123
v -0.097663 1.005386 -0.070955
v -0.203181 0.967950 -0.147618
v -0.315251 0.920955 -0.229040
v -0.425323 0.850654 -0.309011
v -0.525420 0.760403 -0.381735
v -0.609547 0.657519 -0.442856
v -0.675300 0.550685 -0.490628
v 0.037883 1.021357 -0.116596
v 0.077607 0.967950 -0.238853
v 0.120413 0.920955 -0.370598
v 0.162456 0.850654 -0.499995
v 0.200688 0.760403 -0.617666
v 0.232822 0.657519 -0.716563
v 0.260631 0.558105 -0.804758
v 0.166848 0.982416 -0.121222
v 0.307167 0.943208 -0.126518
v 0.215245 0.943209 -0.253036
v 0.451375 0.882854 -0.129731
v 0.361800 0.894429 -0.262863
v 0.262862 0.882855 -0.389192
v 0.587783 0.798549 -0.129731
v 0.506729 0.819912 -0.266403
v 0.409951 0.819913 -0.399604
v 0.305014 0.798552 -0.518924
v 0.728440 0.720663 -0.130915
v 0.646309 0.733814 -0.266023
v 0.565749 0.755139 -0.411265
v 0.453912 0.736161 -0.534859
v 0.346380 0.712575 -0.647038
v 0.817172 0.598245 -0.123244
v 0.771085 0.635175 -0.261345
v 0.686446 0.643722 -0.397846
v 0.587494 0.641836 -0.529076
v 0.472420 0.615416 -0.633689
v 0.372114 0.602664 -0.744815
v -0.063483 0.978672 -0.195376
v -0.025408 0.943209 -0.331227
v -0.174138 0.943209 -0.282901
v 0.016098 0.882855 -0.469369
v -0.138197 0.894430 -0.425319
v -0.288916 0.882855 -0.370262
v 0.058250 0.798552 -0.599101
v -0.096779 0.819914 -0.564248
v -0.253366 0.819914 -0.513369
v -0.399272 0.798552 -0.450440
v 0.097915 0.696561 -0.710785
v -0.052790 0.723612 -0.688185
v -0.210088 0.733355 -0.646571
v -0.361804 0.723612 -0.587778
v -0.497009 0.696561 -0.517479
v 0.135783 0.600433 -0.818217
v -0.009708 0.614345 -0.788978
v -0.162463 0.629944 -0.759458
v -0.314971 0.629944 -0.709904
v -0.455902 0.614344 -0.643998
v -0.577066 0.586334 -0.568513
v -0.205432 0.978671 0.000000
v -0.322868 0.943208 -0.078192
v -0.322868 0.943208 0.078192
v -0.441423 0.882855 -0.160354
v -0.447210 0.894429 0.000000
v -0.441423 0.882855 0.160354
v -0.551779 0.798551 -0.240532
v -0.566539 0.819912 -0.082322
v -0.566539 0.819912 0.082322
v -0.551779 0.798551 0.240532
v -0.645740 0.696561 -0.312768
v -0.670817 0.723611 -0.162457
v -0.679848 0.733353 0.000000
v -0.670817 0.723611 0.162457
v -0.645740 0.696560 0.312768
v -0.719015 0.586334 -0.373135
v -0.753363 0.614343 -0.234576
v -0.772492 0.629942 -0.080177
v -0.772492 0.629942 0.080177
v -0.753363 0.614343 0.234576
v -0.736774 0.600892 0.382269
v -0.065429 1.004162 0.200348
v -0.174138 0.943209 0.282901
v -0.026291 0.975071 0.342462
v -0.288916 0.882855 0.370262
v -0.138197 0.894430 0.425319
v 0.016098 0.882855 0.469369
v -0.399272 0.798552 0.450440
v -0.253366 0.819914 0.513369
v -0.096779 0.819914 0.564248
v 0.058250 0.798552 0.599101
v -0.497009 0.696561 0.517479
v -0.361804 0.723612 0.587778
v -0.210088 0.733355 0.646571
v -0.052790 0.723612 0.688185
v 0.097915 0.696561 0.710785
v -0.589269 0.598867 0.580622
v -0.463122 0.624174 0.654255
v -0.314971 0.629944 0.709904
v -0.162463 0.629944 0.759458
v -0.009708 0.614345 0.788978
v 0.132684 0.586335 0.799129
v 0.170321 0.999937 0.123313
v 0.219566 0.959196 0.257912
v 0.307167 0.943208 0.126518
v 0.262862 0.882855 0.389192
v 0.361800 0.894429 0.262863
v 0.451375 0.882854 0.129731
v 0.305014 0.798552 0.518924
v 0.409951 0.819913 0.399604
v 0.506729 0.819912 0.266403
v 0.587783 0.798549 0.129731
v 0.338569 0.696561 0.632593
v 0.447209 0.723612 0.525728
v 0.550008 0.733353 0.399605
v 0.638194 0.723610 0.262864
v 0.706258 0.696558 0.126519
v 0.362366 0.586334 0.724502
v 0.471599 0.614344 0.632594
v 0.608407 0.663269 0.546389
v 0.672087 0.629942 0.389194
v 0.779702 0.645345 0.267539
v 0.828092 0.611329 0.127930
v 0.942930 0.393480 -0.206346
v 0.923814 0.266396 -0.283695
v 0.888696 0.414150 -0.344894
v 0.918856 0.136410 -0.370264
v 0.887981 0.282377 -0.437795
v 0.810585 0.421662 -0.488073
v 0.940214 0.002070 -0.474308
v 0.860914 0.142651 -0.522112
v 0.800309 0.286586 -0.581480
v 0.724573 0.429395 -0.633193
v 0.873247 -0.137163 -0.536674
v 0.833736 0.000529 -0.606789
v 0.753356 0.140711 -0.649564
v 0.675067 0.278136 -0.692527
v 0.599558 0.411544 -0.739305
v 0.812259 -0.263165 -0.591095
v 0.753368 -0.133032 -0.644002
v 0.704293 0.000000 -0.709909
v 0.636088 0.136411 -0.759463
v 0.558947 0.268419 -0.796398
v 0.475487 0.389313 -0.816823
v 0.093451 0.380900 -0.919882
v 0.015700 0.266064 -0.963827
v -0.050816 0.399096 -0.915500
v -0.068205 0.136410 -0.988302
v -0.138198 0.276397 -0.951055
v -0.206554 0.413059 -0.897573
v -0.152509 -0.000000 -0.988302
v -0.226618 0.140059 -0.963861
v -0.298037 0.281424 -0.917257
v -0.368678 0.424504 -0.871134
v -0.230948 -0.133033 -0.963829
v -0.309016 -0.000000 -0.951057
v -0.383207 0.140059 -0.912982
v -0.456438 0.281906 -0.868467
v -0.509911 0.409424 -0.790139
v -0.298885 -0.253934 -0.919883
v -0.379680 -0.133033 -0.915503
v -0.457527 -0.000000 -0.889196
v -0.530518 0.137664 -0.847337
v -0.591209 0.271154 -0.785966
v -0.619067 0.382571 -0.692281
v -0.845982 0.380899 -0.373136
v -0.911804 0.266063 -0.312769
v -0.888364 0.399975 -0.235091
v -0.961008 0.136410 -0.240533
v -0.956012 0.278952 -0.163947
v -0.915798 0.412309 -0.080778
v -0.987059 0.000000 -0.160355
v -1.008815 0.143210 -0.084142
v -0.987465 0.288104 0.000000
v -0.928377 0.418172 0.081920
v -0.988023 -0.133031 -0.078192
v -1.000000 0.000001 0.000000
v -1.003935 0.142357 0.084062
v -0.959422 0.280212 0.165255
v -0.913018 0.410674 0.240940
v -0.967222 -0.253931 0.000000
v -0.988023 -0.133030 0.078193
v -0.987059 0.000001 0.160356
v -0.978130 0.138635 0.245044
v -0.941575 0.274119 0.321696
v -0.882753 0.395748 0.384834
v -0.643095 0.397459 0.719503
v -0.604021 0.277477 0.803769
v -0.517025 0.415870 0.803036
v -0.534939 0.138282 0.855203
v -0.464366 0.286997 0.883448
v -0.367848 0.422738 0.866736
v -0.457527 -0.000001 0.889196
v -0.383208 0.140059 0.912982
v -0.300467 0.283707 0.924733
v -0.209248 0.418377 0.909215
v -0.379681 -0.133033 0.915502
v -0.309017 -0.000001 0.951056
v -0.226619 0.140059 0.963861
v -0.138199 0.276397 0.951055
v -0.050817 0.399096 0.915500
v -0.302213 -0.255711 0.933002
v -0.231823 -0.133521 0.967462
v -0.152509 -0.000000 0.988302
v -0.068206 0.136410 0.988302
v 0.015699 0.266064 0.963827
v 0.093451 0.380900 0.919882
v 0.465085 0.380900 0.799132
v 0.568648 0.273578 0.809606
v 0.579226 0.399096 0.710788
v 0.654891 0.140924 0.780776
v 0.670820 0.276396 0.688190
v 0.688190 0.409229 0.599104
v 0.746382 0.004609 0.743897
v 0.751133 0.140292 0.647653
v 0.776630 0.280116 0.564252
v 0.782446 0.409228 0.469372
v 0.792912 -0.137418 0.671677
v 0.809019 -0.000002 0.587783
v 0.846659 0.140057 0.513373
v 0.861804 0.276394 0.425323
v 0.895852 0.417578 0.348646
v 0.799198 -0.258962 0.579368
v 0.845289 -0.133034 0.517482
v 0.892805 -0.000002 0.450444
v 0.918856 0.136407 0.370266
v 0.921508 0.266061 0.282904
v 0.944345 0.394418 0.204075
v 0.301560 0.256164 -0.928113
v 0.391983 0.137188 -0.944178
v 0.235976 0.136165 -0.986733
v 0.457527 -0.000000 -0.889196
v 0.323222 -0.002390 -0.994821
v 0.154858 -0.000812 -1.009619
v 0.525732 -0.136411 -0.839641
v 0.383207 -0.140060 -0.912982
v 0.231213 -0.142899 -0.983308
v 0.068205 -0.136410 -0.988302
v 0.579229 -0.266065 -0.770521
v 0.447216 -0.276398 -0.850648
v 0.296648 -0.280119 -0.912980
v 0.138199 -0.276398 -0.951055
v -0.015699 -0.266065 -0.963827
v 0.616302 -0.380900 -0.689265
v 0.497012 -0.399097 -0.770520
v 0.357124 -0.409231 -0.839639
v 0.204615 -0.409231 -0.889192
v 0.050817 -0.399097 -0.915500
v -0.093451 -0.380900 -0.919881
v -0.782501 0.253934 -0.568515
v -0.753368 0.133032 -0.644002
v -0.845290 0.133032 -0.517482
v -0.704293 -0.000000 -0.709910
v -0.837824 -0.000085 -0.608711
v -0.919785 -0.000070 -0.464121
v -0.636087 -0.136411 -0.759464
v -0.766496 -0.143174 -0.660871
v -0.882267 -0.145981 -0.535018
v -0.918856 -0.136410 -0.370265
v -0.553819 -0.266065 -0.788983
v -0.670819 -0.276397 -0.688191
v -0.776628 -0.280118 -0.564253
v -0.861803 -0.276396 -0.425324
v -0.921507 -0.266063 -0.282904
v -0.465084 -0.380900 -0.799132
v -0.579224 -0.399096 -0.710789
v -0.688189 -0.409230 -0.599106
v -0.782445 -0.409229 -0.469374
v -0.854991 -0.399094 -0.331231
v -0.903739 -0.380897 -0.195378
v -0.807324 0.261841 0.586550
v -0.872386 0.134738 0.530008
v -0.808118 0.136797 0.687668
v -0.892805 -0.000000 0.450444
v -0.818652 -0.000110 0.594373
v -0.735875 -0.000414 0.744016
v -0.918856 -0.136410 0.370265
v -0.850844 -0.140755 0.515918
v -0.763770 -0.143096 0.658214
v -0.643812 -0.138536 0.769490
v -0.921508 -0.266063 0.282904
v -0.861803 -0.276396 0.425324
v -0.792698 -0.286092 0.574554
v -0.702637 -0.289586 0.720279
v -0.578727 -0.277157 0.824734
v -0.903739 -0.380897 0.195378
v -0.854991 -0.399094 0.331231
v -0.782445 -0.409229 0.469374
v -0.703196 -0.419855 0.611283
v -0.593025 -0.411642 0.727529
v -0.489648 -0.402728 0.838912
v 0.305025 0.259054 0.938779
v 0.238990 0.138248 1.000565
v 0.397258 0.142264 0.964232
v 0.154860 -0.000035 1.003341
v 0.313042 -0.000031 0.963445
v 0.478284 -0.000847 0.934404
v 0.068206 -0.136410 0.988302
v 0.226619 -0.140060 0.963861
v 0.390034 -0.144615 0.933210
v 0.542587 -0.141488 0.870600
v -0.015699 -0.266065 0.963827
v 0.138199 -0.276397 0.951055
v 0.296648 -0.280119 0.912980
v 0.452770 -0.279831 0.861271
v 0.619437 -0.290210 0.835613
v -0.093451 -0.380900 0.919882
v 0.050817 -0.399097 0.915500
v 0.204615 -0.409230 0.889192
v 0.357124 -0.409230 0.839639
v 0.512547 -0.422844 0.813645
v 0.653450 -0.409796 0.731921
v 0.975157 0.255976 0.000000
v 0.988023 0.133031 0.078192
v 0.988023 0.133031 -0.078192
v 0.987059 -0.000000 0.160355
v 1.000000 0.000000 0.000000
v 1.005998 -0.000027 -0.163408
v 0.961008 -0.136410 0.240533
v 0.986715 -0.140059 0.082322
v 0.986715 -0.140059 -0.082322
v 0.978381 -0.138886 -0.244826
v 0.911804 -0.266064 0.312769
v 0.947213 -0.276396 0.162458
v 0.959966 -0.280117 0.000000
v 0.947213 -0.276396 -0.162458
v 0.944991 -0.275860 -0.323588
v 0.845982 -0.380899 0.373136
v 0.886396 -0.399095 0.234576
v 0.908902 -0.409229 0.080178
v 0.908902 -0.409229 -0.080178
v 0.888041 -0.399955 -0.234829
v 0.869029 -0.391203 -0.383177
v 0.577066 -0.586334 -0.568513
v 0.497009 -0.696561 -0.517479
v 0.455902 -0.614344 -0.643999
v 0.399272 -0.798552 -0.450441
v 0.361804 -0.723612 -0.587779
v 0.314971 -0.629943 -0.709905
v 0.288916 -0.882855 -0.370263
v 0.253366 -0.819913 -0.513370
v 0.210087 -0.733354 -0.646572
v 0.162463 -0.629943 -0.759459
v 0.174138 -0.943209 -0.282902
v 0.138197 -0.894429 -0.425321
v 0.096779 -0.819912 -0.564250
v 0.052789 -0.723611 -0.688186
v 0.009708 -0.614344 -0.788979
v 0.068538 -1.009298 -0.199964
v 0.029428 -0.987927 -0.346902
v -0.015765 -0.914099 -0.487322
v -0.058250 -0.798550 -0.599103
v -0.097915 -0.696560 -0.710786
v -0.132684 -0.586334 -0.799129
v -0.362367 -0.586334 -0.724501
v -0.338569 -0.696561 -0.632593
v -0.471601 -0.614344 -0.632593
v -0.305014 -0.798552 -0.518923
v -0.447211 -0.723612 -0.525727
v -0.577832 -0.629943 -0.518924
v -0.279804 -0.932562 -0.413965
v -0.409952 -0.819913 -0.399603
v -0.550010 -0.733353 -0.399603
v -0.672088 -0.629942 -0.389192
v -0.223168 -0.976944 -0.262117
v -0.368748 -0.911502 -0.267910
v -0.506730 -0.819912 -0.266402
v -0.638195 -0.723609 -0.262863
v -0.747367 -0.614341 -0.253036
v -0.171434 -1.008831 -0.124553
v -0.314160 -0.964490 -0.129438
v -0.451376 -0.882853 -0.129730
v -0.587784 -0.798549 -0.129730
v -0.706258 -0.696557 -0.126518
v -0.801022 -0.586330 -0.120749
v -0.801022 -0.586330 0.120750
v -0.706258 -0.696558 0.126518
v -0.747367 -0.614341 0.253037
v -0.587784 -0.798549 0.129731
v -0.638195 -0.723609 0.262864
v -0.672088 -0.629941 0.389193
v -0.451375 -0.882853 0.129731
v -0.506730 -0.819911 0.266403
v -0.555495 -0.740685 0.403590
v -0.597061 -0.651012 0.536159
v -0.307168 -0.943208 0.126519
v -0.361801 -0.894428 0.262864
v -0.412334 -0.824661 0.401918
v -0.457531 -0.740309 0.537796
v -0.483426 -0.629793 0.648367
v -0.166198 -0.978671 0.120750
v -0.215246 -0.943208 0.253038
v -0.262863 -0.882854 0.389194
v -0.305015 -0.798550 0.518925
v -0.347086 -0.714019 0.648343
v -0.373236 -0.604885 0.745493
v 0.734346 -0.598902 -0.381020
v 0.753363 -0.614343 -0.234576
v 0.645740 -0.696560 -0.312768
v 0.772493 -0.629942 -0.080177
v 0.670817 -0.723611 -0.162457
v 0.551780 -0.798551 -0.240532
v 0.772493 -0.629942 0.080178
v 0.679849 -0.733353 0.000000
v 0.566540 -0.819912 -0.082322
v 0.441423 -0.882854 -0.160354
v 0.753364 -0.614343 0.234576
v 0.670818 -0.723610 0.162458
v 0.566541 -0.819911 0.082323
v 0.447211 -0.894428 0.000001
v 0.322869 -0.943208 -0.078191
v 0.719016 -0.586333 0.373136
v 0.645741 -0.696559 0.312769
v 0.551781 -0.798550 0.240533
v 0.441424 -0.882854 0.160356
v 0.322870 -0.943208 0.078193
v 0.205432 -0.978671 0.000001
v -0.132684 -0.586334 0.799129
v -0.097915 -0.696561 0.710785
v 0.009709 -0.614344 0.788978
v -0.058249 -0.798552 0.599101
v 0.052790 -0.723612 0.688185
v 0.162463 -0.629944 0.759458
v -0.016097 -0.882855 0.469370
v 0.096780 -0.819913 0.564249
v 0.210089 -0.733354 0.646572
v 0.314971 -0.629943 0.709905
v 0.025409 -0.943209 0.331228
v 0.138199 -0.894429 0.425321
v 0.253368 -0.819912 0.513370
v 0.361805 -0.723611 0.587779
v 0.468002 -0.630817 0.661187
v 0.063484 -0.978671 0.195377
v 0.174140 -0.943208 0.282902
v 0.288918 -0.882854 0.370264
v 0.399274 -0.798550 0.450441
v 0.498996 -0.699367 0.519565
v 0.587727 -0.597282 0.579091
vt 0.909090 0.157461
vt 0.886363 0.157461
vt 0.897726 0.177143
vt 0.545454 0.157461
vt 0.522727 0.157461
vt 0.534090 0.177143
vt 0.727272 0.157461
vt 0.715908 0.177143
vt 0.738636 0.177143
vt 0.920454 0.177143
vt 0.556818 0.177143
vt 1.000000 0.314921
vt 0.977273 0.314921
vt 0.988636 0.334604
vt 0.454545 0.314921
vt 0.431818 0.314921
vt 0.443181 0.334604
vt 0.636363 0.314921
vt 0.613636 0.314921
vt 0.624999 0.334604
vt 0.613636 0.354286
vt 0.590909 0.354286
vt 0.602272 0.373969
vt 0.602272 0.334604
vt 0.568181 0.354286
vt 0.579545 0.373969
vt 0.579545 0.334604
vt 0.556818 0.334604
vt 0.545454 0.354286
vt 0.534090 0.334604
vt 0.522727 0.354286
vt 0.511363 0.334604
vt 0.500000 0.354286
vt 0.488636 0.334604
vt 0.477272 0.354286
vt 0.465909 0.334604
vt 0.590909 0.314921
vt 0.568181 0.314921
vt 0.545454 0.314921
vt 0.522727 0.314921
vt 0.499999 0.314921
vt 0.477272 0.314921
vt 0.420454 0.334604
vt 0.431818 0.354286
vt 0.409090 0.354286
vt 0.397727 0.334604
vt 0.409090 0.314921
vt 0.147727 0.334604
vt 0.125000 0.334604
vt 0.136363 0.354286
vt 0.113636 0.354286
vt 0.102273 0.334604
vt 0.227272 0.314921
vt 0.204545 0.314921
vt 0.215909 0.334604
vt 0.193182 0.334604
vt 0.181818 0.314921
vt 0.170454 0.334604
vt 0.159091 0.314921
vt 0.136364 0.314921
vt 0.113636 0.314921
vt 0.090909 0.314921
vt 0.965909 0.334604
vt 0.977272 0.354286
vt 0.954545 0.314921
vt 0.943181 0.334604
vt 0.931818 0.314921
vt 0.704545 0.354286
vt 0.681818 0.354286
vt 0.693181 0.373969
vt 0.670454 0.373969
vt 0.659090 0.354286
vt 0.761363 0.334604
vt 0.738636 0.334604
vt 0.749999 0.354286
vt 0.727272 0.354286
vt 0.715908 0.334604
vt 0.693181 0.334604
vt 0.670454 0.334604
vt 0.647727 0.334604
vt 0.749999 0.314921
vt 0.727272 0.314921
vt 0.704545 0.314921
vt 0.681818 0.314921
vt 0.659090 0.314921
vt 0.624999 0.295238
vt 0.613636 0.275556
vt 0.602272 0.295238
vt 0.579545 0.216509
vt 0.568181 0.236191
vt 0.590909 0.236191
vt 0.568181 0.196826
vt 0.556818 0.216509
vt 0.545454 0.196826
vt 0.590909 0.275556
vt 0.579545 0.295238
vt 0.579545 0.255874
vt 0.568181 0.275556
vt 0.556818 0.295238
vt 0.556818 0.255874
vt 0.545454 0.275556
vt 0.534090 0.295238
vt 0.545454 0.236191
vt 0.534090 0.255874
vt 0.522727 0.275556
vt 0.511363 0.295238
vt 0.534090 0.216509
vt 0.522727 0.236191
vt 0.499999 0.275556
vt 0.488636 0.295238
vt 0.522727 0.196826
vt 0.511363 0.216508
vt 0.477272 0.275556
vt 0.465909 0.295238
vt 0.443181 0.295238
vt 0.363636 0.275556
vt 0.352272 0.295238
vt 0.375000 0.295238
vt 0.363636 0.314921
vt 0.340909 0.314921
vt 0.352272 0.255874
vt 0.340909 0.275556
vt 0.329545 0.295238
vt 0.318182 0.314921
vt 0.329545 0.255874
vt 0.318181 0.275556
vt 0.306818 0.295238
vt 0.306818 0.255874
vt 0.295454 0.275556
vt 0.227272 0.275556
vt 0.215909 0.295238
vt 0.238636 0.295238
vt 0.215909 0.255874
vt 0.204545 0.275556
vt 0.193182 0.295238
vt 0.204545 0.236191
vt 0.193182 0.255874
vt 0.181818 0.275556
vt 0.170454 0.295238
vt 0.181818 0.236191
vt 0.170454 0.255874
vt 0.159091 0.275556
vt 0.147727 0.295238
vt 0.159091 0.236191
vt 0.147727 0.255874
vt 0.136364 0.275556
vt 0.125000 0.295238
vt 0.136363 0.236191
vt 0.125000 0.255874
vt 0.113636 0.275556
vt 0.102273 0.295238
vt 0.988636 0.295238
vt 0.977272 0.275556
vt 0.965909 0.295238
vt 0.965909 0.255874
vt 0.954545 0.275556
vt 0.954545 0.236191
vt 0.943181 0.255874
vt 0.931817 0.196826
vt 0.920454 0.216509
vt 0.943181 0.216509
vt 0.909090 0.196826
vt 0.943181 0.295238
vt 0.931818 0.275556
vt 0.920454 0.295238
vt 0.909090 0.314921
vt 0.931818 0.236191
vt 0.920454 0.255874
vt 0.909090 0.275556
vt 0.897727 0.295238
vt 0.886363 0.314921
vt 0.897727 0.255874
vt 0.886363 0.275556
vt 0.874999 0.295238
vt 0.795454 0.275556
vt 0.784090 0.295238
vt 0.806817 0.295238
vt 0.784090 0.255874
vt 0.772726 0.275556
vt 0.772726 0.236191
vt 0.761363 0.255874
vt 0.761363 0.216509
vt 0.749999 0.236191
vt 0.749999 0.196826
vt 0.738636 0.216509
vt 0.727272 0.196826
vt 0.761363 0.295238
vt 0.749999 0.275556
vt 0.738636 0.295238
vt 0.738636 0.255874
vt 0.727272 0.275556
vt 0.727272 0.236191
vt 0.704545 0.275556
vt 0.693181 0.295238
vt 0.715908 0.295238
vt 0.715908 0.216509
vt 0.681818 0.275556
vt 0.670454 0.295238
vt 0.704545 0.196826
vt 0.659090 0.275556
vt 0.647727 0.295238
vt 0.488636 0.255874
vt 0.465909 0.255874
vt 0.500000 0.236191
vt 0.477272 0.236191
vt 0.511363 0.177143
vt 0.454545 0.275556
vt 0.443181 0.255874
vt 0.431818 0.275556
vt 0.420454 0.255874
vt 0.454545 0.236191
vt 0.431818 0.236191
vt 0.409090 0.236191
vt 0.488636 0.216508
vt 0.465909 0.216508
vt 0.443181 0.216508
vt 0.420454 0.216508
vt 0.477272 0.196826
vt 0.454545 0.196826
vt 0.431818 0.196826
vt 0.465909 0.177143
vt 0.443181 0.177143
vt 0.295454 0.236191
vt 0.272727 0.236191
vt 0.284091 0.255874
vt 0.261363 0.255874
vt 0.250000 0.236191
vt 0.238636 0.255874
vt 0.227273 0.236191
vt 0.284091 0.216508
vt 0.261363 0.216508
vt 0.238636 0.216508
vt 0.272727 0.196826
vt 0.250000 0.196826
vt 0.079545 0.295238
vt 0.090909 0.275556
vt 0.102273 0.255874
vt 0.113636 0.236191
vt 0.068182 0.275556
vt 0.079545 0.255874
vt 0.056818 0.255874
vt 0.090909 0.236191
vt 0.068182 0.236191
vt 0.045455 0.236191
vt 0.102273 0.216508
vt 0.079545 0.216508
vt 0.056818 0.216508
vt 0.090909 0.196826
vt 0.068182 0.196826
vt 0.045454 0.196826
vt 0.034091 0.216509
vt 0.022727 0.196826
vt 0.079545 0.177143
vt 0.056818 0.177143
vt 0.034091 0.177143
vt 0.011364 0.177143
vt 0.090909 0.157461
vt 0.068182 0.157461
vt 0.045455 0.157461
vt 0.022727 0.157461
vt 0.000000 0.157461
vt 0.840908 0.275556
vt 0.818181 0.275556
vt 0.829545 0.295238
vt 0.852272 0.255874
vt 0.829545 0.255874
vt 0.806817 0.255874
vt 0.840908 0.236191
vt 0.818181 0.236191
vt 0.795454 0.236191
vt 0.829545 0.216508
vt 0.806817 0.216508
vt 0.784090 0.216508
vt 0.818181 0.196826
vt 0.795454 0.196826
vt 0.772726 0.196826
vt 0.806817 0.177143
vt 0.784090 0.177143
vt 0.761363 0.177143
vt 0.795454 0.157461
vt 0.772726 0.157461
vt 0.749999 0.157461
vt 0.636363 0.275556
vt 0.602272 0.216508
vt 0.613636 0.196826
vt 0.590909 0.196826
vt 0.602272 0.177143
vt 0.579545 0.177143
vt 0.613636 0.157461
vt 0.590909 0.157461
vt 0.568181 0.157461
vt 0.534090 0.137778
vt 0.090909 0.118096
vt 0.079545 0.137778
vt 0.102273 0.137778
vt 0.079545 0.098413
vt 0.068182 0.118096
vt 0.056818 0.137778
vt 0.056818 0.098413
vt 0.045454 0.118096
vt 0.034091 0.137778
vt 0.034091 0.098413
vt 0.022727 0.118096
vt 0.011364 0.137778
vt 0.556818 0.137778
vt 0.579545 0.137778
vt 0.602272 0.137778
vt 0.568181 0.118096
vt 0.590909 0.118096
vt 0.897726 0.137778
vt 0.795454 0.118096
vt 0.784090 0.137778
vt 0.806817 0.137778
vt 0.772726 0.118096
vt 0.761363 0.137778
vt 0.738636 0.137778
vt 0.715908 0.137778
vt 0.704545 0.157461
vt 0.181818 0.157461
vt 0.159091 0.157461
vt 0.170454 0.177143
vt 0.363636 0.157461
vt 0.340909 0.157461
vt 0.352272 0.177143
vt 0.193182 0.177143
vt 0.375000 0.177143
vt 0.818181 0.314921
vt 0.795454 0.314921
vt 0.806817 0.334604
vt 0.272727 0.314921
vt 0.250000 0.314921
vt 0.261363 0.334604
vt 0.590909 0.393652
vt 0.568181 0.393652
vt 0.579545 0.413334
vt 0.556818 0.413334
vt 0.545454 0.393652
vt 0.534090 0.413334
vt 0.522727 0.393652
vt 0.511363 0.413334
vt 0.500000 0.393652
vt 0.556818 0.373969
vt 0.534090 0.373969
vt 0.511363 0.373969
vt 0.488636 0.373969
vt 0.409090 0.393652
vt 0.386363 0.393652
vt 0.397727 0.413334
vt 0.420454 0.373969
vt 0.397727 0.373969
vt 0.375000 0.373969
vt 0.363636 0.393652
vt 0.352272 0.373969
vt 0.340909 0.393652
vt 0.329545 0.373969
vt 0.318181 0.393652
vt 0.306818 0.373969
vt 0.386363 0.354286
vt 0.363636 0.354286
vt 0.340909 0.354286
vt 0.318181 0.354286
vt 0.295454 0.354286
vt 0.375000 0.334604
vt 0.352272 0.334604
vt 0.329545 0.334604
vt 0.306818 0.334604
vt 0.284091 0.334604
vt 0.386363 0.314921
vt 0.295454 0.314921
vt 0.238636 0.373969
vt 0.215909 0.373969
vt 0.227273 0.393652
vt 0.250000 0.354286
vt 0.227272 0.354286
vt 0.238636 0.334604
vt 0.159091 0.393652
vt 0.136363 0.393652
vt 0.147727 0.413334
vt 0.204545 0.393652
vt 0.193182 0.373969
vt 0.181818 0.393652
vt 0.170454 0.373969
vt 0.147727 0.373969
vt 0.125000 0.373969
vt 0.204545 0.354286
vt 0.181818 0.354286
vt 0.159091 0.354286
vt 0.954545 0.393652
vt 0.931818 0.393652
vt 0.943181 0.413334
vt 0.965909 0.373969
vt 0.943181 0.373969
vt 0.954545 0.354286
vt 0.886363 0.393652
vt 0.863635 0.393652
vt 0.874999 0.413334
vt 0.920454 0.373969
vt 0.909090 0.393652
vt 0.897727 0.373969
vt 0.874999 0.373969
vt 0.852272 0.373969
vt 0.931818 0.354286
vt 0.909090 0.354286
vt 0.886363 0.354286
vt 0.863636 0.354286
vt 0.840908 0.354286
vt 0.920454 0.334604
vt 0.897727 0.334604
vt 0.874999 0.334604
vt 0.852272 0.334604
vt 0.829545 0.334604
vt 0.863636 0.314921
vt 0.840908 0.314921
vt 0.772726 0.393652
vt 0.749999 0.393652
vt 0.761363 0.413334
vt 0.784090 0.373969
vt 0.761363 0.373969
vt 0.795454 0.354286
vt 0.772726 0.354286
vt 0.784090 0.334604
vt 0.738636 0.413334
vt 0.727272 0.393652
vt 0.715908 0.413334
vt 0.704545 0.393652
vt 0.693181 0.413334
vt 0.681818 0.393652
vt 0.738636 0.373969
vt 0.715908 0.373969
vt 0.772727 0.314921
vt 0.602272 0.255874
vt 0.511363 0.255874
vt 0.420454 0.295238
vt 0.409090 0.275556
vt 0.397727 0.255874
vt 0.397727 0.216509
vt 0.386363 0.236191
vt 0.386363 0.196826
vt 0.375000 0.216509
vt 0.363636 0.196826
vt 0.397727 0.295238
vt 0.386363 0.275556
vt 0.375000 0.255874
vt 0.363636 0.236191
vt 0.352272 0.216509
vt 0.340909 0.236191
vt 0.340909 0.196826
vt 0.329545 0.216508
vt 0.318182 0.236191
vt 0.284091 0.295238
vt 0.261363 0.295238
vt 0.250000 0.275556
vt 0.215909 0.216509
vt 0.204545 0.196826
vt 0.193182 0.216509
vt 0.181818 0.196826
vt 0.170454 0.216509
vt 0.159091 0.196826
vt 0.147727 0.216508
vt 0.909090 0.236191
vt 0.897726 0.216509
vt 0.886363 0.236191
vt 0.874999 0.255874
vt 0.863636 0.275556
vt 0.852272 0.295238
vt 0.886363 0.196826
vt 0.874999 0.216508
vt 0.863635 0.236191
vt 0.715908 0.255874
vt 0.704545 0.236191
vt 0.693181 0.255874
vt 0.693181 0.216508
vt 0.681818 0.236191
vt 0.670454 0.255874
vt 0.500000 0.196826
vt 0.409090 0.196826
vt 0.488636 0.177143
vt 0.420454 0.177143
vt 0.397727 0.177143
vt 0.499999 0.157461
vt 0.477272 0.157461
vt 0.454545 0.157461
vt 0.431818 0.157461
vt 0.409091 0.157461
vt 0.386363 0.157461
vt 0.272727 0.275556
vt 0.306818 0.216508
vt 0.318181 0.196826
vt 0.329545 0.177143
vt 0.295454 0.196826
vt 0.227272 0.196826
vt 0.306818 0.177143
vt 0.284091 0.177143
vt 0.261363 0.177143
vt 0.238636 0.177143
vt 0.215909 0.177143
vt 0.318181 0.157461
vt 0.295454 0.157461
vt 0.272727 0.157461
vt 0.250000 0.157461
vt 0.227272 0.157461
vt 0.204545 0.157461
vt 0.125000 0.216508
vt 0.136363 0.196826
vt 0.147727 0.177143
vt 0.113636 0.196826
vt 0.125000 0.177143
vt 0.102273 0.177143
vt 0.136363 0.157461
vt 0.113636 0.157461
vt 0.852272 0.216508
vt 0.863635 0.196826
vt 0.874999 0.177143
vt 0.840908 0.196826
vt 0.852272 0.177143
vt 0.829545 0.177143
vt 0.863635 0.157461
vt 0.840908 0.157461
vt 0.818181 0.157461
vt 0.647727 0.255874
vt 0.659090 0.236191
vt 0.670454 0.216508
vt 0.681817 0.196826
vt 0.693181 0.177143
vt 0.624999 0.255874
vt 0.636363 0.236191
vt 0.613636 0.236191
vt 0.647727 0.216508
vt 0.624999 0.216508
vt 0.659090 0.196826
vt 0.636363 0.196826
vt 0.670454 0.177143
vt 0.647727 0.177143
vt 0.624999 0.177143
vt 0.681817 0.157461
vt 0.659090 0.157461
vt 0.636363 0.157461
vt 0.522727 0.118096
vt 0.511363 0.137778
vt 0.511363 0.098413
vt 0.499999 0.118096
vt 0.500000 0.078731
vt 0.488636 0.098413
vt 0.488636 0.059048
vt 0.477272 0.078731
vt 0.488636 0.137778
vt 0.477272 0.118096
vt 0.465909 0.137778
vt 0.465909 0.098413
vt 0.454545 0.118096
vt 0.443181 0.137778
vt 0.454545 0.078731
vt 0.443181 0.098413
vt 0.431818 0.118096
vt 0.420454 0.137778
vt 0.420454 0.098413
vt 0.409090 0.118096
vt 0.397727 0.137778
vt 0.397727 0.098413
vt 0.386363 0.118096
vt 0.375000 0.137778
vt 0.352272 0.137778
vt 0.340909 0.118096
vt 0.329545 0.137778
vt 0.329545 0.098413
vt 0.318181 0.118096
vt 0.306818 0.137778
vt 0.306818 0.098413
vt 0.295454 0.118096
vt 0.284091 0.137778
vt 0.284091 0.098413
vt 0.272727 0.118096
vt 0.261363 0.137778
vt 0.261363 0.098413
vt 0.250000 0.118096
vt 0.238636 0.137778
vt 0.250000 0.078731
vt 0.238636 0.098413
vt 0.227272 0.118096
vt 0.215909 0.137778
vt 0.238636 0.059048
vt 0.227273 0.078731
vt 0.215909 0.098413
vt 0.204545 0.118096
vt 0.193182 0.137778
vt 0.170454 0.137778
vt 0.159091 0.118096
vt 0.147727 0.137778
vt 0.147727 0.098413
vt 0.136363 0.118096
vt 0.136363 0.078731
vt 0.125000 0.098413
vt 0.125000 0.059048
vt 0.113636 0.078731
vt 0.125000 0.137778
vt 0.113636 0.118096
vt 0.102273 0.098413
vt 0.102273 0.059048
vt 0.090909 0.078731
vt 0.079545 0.059048
vt 0.068182 0.078731
vt 0.056818 0.059048
vt 0.045455 0.078731
vt 0.624999 0.137778
vt 0.647727 0.137778
vt 0.670454 0.137778
vt 0.693181 0.137778
vt 0.579545 0.098413
vt 0.613636 0.118096
vt 0.602272 0.098413
vt 0.590909 0.078731
vt 0.636363 0.118096
vt 0.624999 0.098413
vt 0.613636 0.078731
vt 0.602272 0.059048
vt 0.659090 0.118096
vt 0.647727 0.098413
vt 0.636363 0.078731
vt 0.681817 0.118096
vt 0.670454 0.098413
vt 0.659090 0.078731
vt 0.647727 0.059048
vt 0.704545 0.118096
vt 0.693181 0.098413
vt 0.681818 0.078731
vt 0.670454 0.059048
vt 0.886363 0.118096
vt 0.874999 0.137778
vt 0.874999 0.098413
vt 0.863635 0.118096
vt 0.863635 0.078731
vt 0.852272 0.098413
vt 0.852272 0.059048
vt 0.840908 0.078731
vt 0.852272 0.137778
vt 0.840908 0.118096
vt 0.829545 0.137778
vt 0.829545 0.098413
vt 0.818181 0.118096
vt 0.829545 0.059048
vt 0.818181 0.078731
vt 0.806817 0.098413
vt 0.806817 0.059048
vt 0.795454 0.078731
vt 0.784090 0.098413
vt 0.784090 0.059048
vt 0.772727 0.078731
vt 0.761363 0.098413
vt 0.749999 0.118096
vt 0.818181 0.000000
vt 0.806817 0.019683
vt 0.829545 0.019683
vt 0.090909 0.000000
vt 0.079545 0.019683
vt 0.102273 0.019683
vt 0.272727 0.000000
vt 0.261363 0.019683
vt 0.284091 0.019683
vt 0.454545 0.000000
vt 0.443181 0.019683
vt 0.465909 0.019683
vt 0.556818 0.452699
vt 0.534090 0.452699
vt 0.545454 0.472382
vt 0.568181 0.433017
vt 0.545454 0.433017
vt 0.522727 0.433017
vt 0.375000 0.452699
vt 0.352272 0.452699
vt 0.363636 0.472382
vt 0.386363 0.433017
vt 0.363636 0.433017
vt 0.375000 0.413334
vt 0.340909 0.433017
vt 0.352272 0.413334
vt 0.329545 0.413334
vt 0.193182 0.452699
vt 0.170454 0.452699
vt 0.181818 0.472382
vt 0.204545 0.433017
vt 0.181818 0.433017
vt 0.215909 0.413334
vt 0.193182 0.413334
vt 0.159091 0.433017
vt 0.170454 0.413334
vt 0.920454 0.452699
vt 0.897726 0.452699
vt 0.909090 0.472382
vt 0.931817 0.433017
vt 0.909090 0.433017
vt 0.920454 0.413334
vt 0.886363 0.433017
vt 0.897726 0.413334
vt 0.738636 0.452699
vt 0.715908 0.452699
vt 0.727272 0.472382
vt 0.749999 0.433017
vt 0.727272 0.433017
vt 0.704545 0.433017
vt 0.477272 0.039365
vt 0.465909 0.059048
vt 0.454545 0.039365
vt 0.443181 0.059048
vt 0.431818 0.078731
vt 0.431818 0.039365
vt 0.420454 0.059048
vt 0.409090 0.078731
vt 0.318181 0.078731
vt 0.306818 0.059048
vt 0.295454 0.078731
vt 0.295454 0.039365
vt 0.284091 0.059048
vt 0.272727 0.039365
vt 0.272727 0.078731
vt 0.261363 0.059048
vt 0.250000 0.039365
vt 0.113636 0.039365
vt 0.090909 0.039365
vt 0.068182 0.039365
vt 0.624999 0.059048
vt 0.613636 0.039365
vt 0.636363 0.039365
vt 0.624999 0.019683
vt 0.659090 0.039365
vt 0.647727 0.019683
vt 0.636363 0.000000
vt 0.840908 0.039365
vt 0.818181 0.039365
vt 0.795454 0.039365
vn 0.0569 -0.4231 0.9043
vn 0.6065 -0.5681 -0.5562
vn 0.8448 -0.5049 0.1771
vn -0.0285 -0.3850 0.9225
vn 0.3886 -0.6614 -0.6415
vn -0.6647 0.5954 0.4513
vn 0.1271 0.4936 -0.8603
vn 0.7376 0.5536 -0.3866
vn 0.4846 0.8743 0.0270
vn 0.6587 0.6872 -0.3064
vn 0.4729 0.8572 -0.2041
vn 0.8015 0.5695 -0.1823
vn 0.8077 0.5783 -0.1149
vn 0.5998 0.7449 -0.2921
vn 0.5944 0.7367 -0.3225
vn 0.6692 0.6925 -0.2695
vn 0.6236 0.6178 -0.4791
vn 0.4967 0.6696 -0.5523
vn 0.4553 0.6047 -0.6535
vn 0.5188 0.5877 -0.6209
vn 0.5419 0.6259 -0.5609
vn 0.1183 0.6753 -0.7280
vn 0.1195 0.6774 -0.7259
vn 0.7545 0.5398 -0.3733
vn 0.8035 0.5927 -0.0562
vn 0.7720 0.6293 -0.0894
vn 0.7679 0.6183 -0.1675
vn 0.5797 0.7526 -0.3123
vn 0.5584 0.7198 -0.4124
vn 0.5440 0.7260 -0.4206
vn 0.5418 0.7223 -0.4297
vn 0.3056 0.7876 -0.5351
vn 0.3044 0.7859 -0.5383
vn 0.4371 0.7596 -0.4817
vn 0.3410 0.6121 -0.7135
vn 0.1635 0.6216 -0.7661
vn 0.0832 0.4897 -0.8679
vn 0.3022 0.6785 -0.6695
vn 0.1948 0.7641 -0.6150
vn -0.0663 0.7319 -0.6782
vn 0.2289 0.3917 -0.8912
vn 0.1099 0.3774 -0.9195
vn -0.1099 0.5668 -0.8165
vn -0.6638 0.7344 0.1414
vn -0.5201 0.7674 0.3750
vn -0.5167 0.7775 0.3584
vn -0.8056 0.5483 -0.2244
vn -0.7904 0.5919 -0.1577
vn -0.8250 0.5599 -0.0765
vn -0.8000 0.6000 0.0000
vn -0.7893 0.6133 -0.0277
vn -0.7103 0.6861 0.1573
vn -0.6877 0.7202 0.0915
vn -0.6641 0.7341 0.1415
vn -0.7156 0.6178 0.3258
vn -0.6869 0.6242 0.3722
vn -0.6916 0.5940 0.4109
vn -0.4845 0.7769 0.4021
vn -0.5183 0.7077 0.4802
vn -0.4992 0.7049 0.5039
vn -0.4447 0.7373 0.5085
vn -0.3034 0.6914 0.6557
vn 0.6451 0.7439 0.1745
vn 0.6513 0.7537 0.0879
vn 0.4726 0.8538 0.2186
vn 0.1775 0.7081 0.6835
vn 0.2977 0.9021 0.3123
vn 0.6480 0.7547 0.1025
vn 0.4161 0.7803 0.4669
vn 0.4812 0.8741 0.0668
vn 0.5732 0.8194 -0.0010
vn 0.5498 0.7904 0.2704
vn 0.6863 0.7067 0.1721
vn 0.3984 0.3669 0.8406
vn 0.7446 0.2193 0.6305
vn 0.8702 0.4156 0.2644
vn 0.6359 0.4588 0.6206
vn 0.6109 0.4727 0.6351
vn 0.7564 0.6456 0.1049
vn 0.7167 0.6828 0.1420
vn 0.7130 0.6749 0.1899
vn 0.8038 0.5866 0.0993
vn 0.7865 0.4419 -0.4315
vn 0.9466 -0.0409 -0.3199
vn 0.9880 0.1016 -0.1166
vn 0.8209 -0.1805 -0.5418
vn 0.8408 -0.0328 -0.5404
vn 0.8149 0.5506 -0.1808
vn 0.8635 0.4952 -0.0953
vn 0.9720 -0.0033 -0.2348
vn 0.9323 0.0751 -0.3538
vn 0.8596 0.4326 -0.2719
vn 0.8769 0.4134 -0.2452
vn 0.9709 0.1060 -0.2148
vn 0.9672 0.1429 -0.2101
vn 0.8419 0.3079 -0.4432
vn 0.8383 0.3212 -0.4405
vn 0.7386 0.3985 -0.5438
vn 0.9642 0.2402 -0.1123
vn 0.8684 0.3825 -0.3156
vn 0.9342 0.0333 -0.3551
vn 0.8465 0.1451 -0.5122
vn 0.8233 0.2791 -0.4942
vn 0.8348 0.2687 -0.4805
vn 0.7762 0.4555 -0.4358
vn 0.6660 0.5303 -0.5246
vn 0.8248 -0.1528 -0.5445
vn 0.7765 -0.0944 -0.6230
vn 0.7591 0.2199 -0.6127
vn 0.7414 0.2331 -0.6292
vn 0.7626 0.0553 -0.6444
vn 0.6518 0.1382 -0.7457
vn 0.6584 0.0781 -0.7486
vn 0.6367 0.0919 -0.7656
vn 0.5589 0.4008 -0.7259
vn 0.5509 0.4044 -0.7300
vn 0.8297 -0.1722 -0.5310
vn 0.6670 -0.0011 -0.7450
vn 0.6516 -0.1873 -0.7350
vn 0.6159 -0.1554 -0.7723
vn 0.6185 0.1176 -0.7770
vn 0.6574 0.1108 -0.7453
vn 0.4937 0.1977 -0.8469
vn 0.4605 0.3187 -0.8285
vn 0.4881 0.3071 -0.8170
vn 0.5650 -0.2476 -0.7871
vn 0.5550 -0.2366 -0.7975
vn 0.5811 -0.0668 -0.8111
vn 0.6972 -0.1683 -0.6968
vn 0.7057 -0.0879 -0.7030
vn 0.4577 0.1685 -0.8730
vn 0.2998 0.2316 -0.9255
vn 0.3206 0.1632 -0.9330
vn 0.2252 0.1941 -0.9548
vn 0.1035 0.3725 -0.9222
vn -0.1396 0.2407 -0.9605
vn -0.0934 0.5673 -0.8182
vn -0.3007 0.6877 -0.6608
vn -0.2908 0.1466 -0.9455
vn -0.2901 0.1609 -0.9434
vn -0.4991 0.2919 -0.8159
vn -0.4389 0.6207 -0.6497
vn -0.4541 0.6289 -0.6310
vn -0.4069 0.0756 -0.9103
vn -0.5249 0.1468 -0.8384
vn -0.5174 0.2798 -0.8087
vn -0.6684 0.3736 -0.6431
vn -0.6389 0.5153 -0.5712
vn -0.6371 0.0635 -0.7682
vn -0.7419 0.1303 -0.6578
vn -0.7257 0.3274 -0.6051
vn -0.8849 0.3397 -0.3186
vn -0.8421 0.4351 -0.3187
vn -0.8421 0.4905 -0.2245
vn -0.9363 0.1911 -0.2947
vn -0.8974 0.3282 -0.2950
vn -0.9004 0.3908 -0.1913
vn -0.8595 0.4742 -0.1907
vn -0.8401 0.5370 -0.0766
vn -0.9561 0.0105 -0.2927
vn -0.9363 0.1911 -0.2945
vn -0.9473 0.2533 -0.1959
vn -0.8990 0.3923 -0.1944
vn -0.8859 0.4560 -0.0849
vn -0.8370 0.5407 -0.0842
vn -0.8202 0.5715 -0.0279
vn -0.9909 -0.1080 -0.0800
vn -0.9986 -0.0446 0.0287
vn -0.9912 0.1290 0.0294
vn -0.9625 0.2087 0.1733
vn -0.9332 0.3147 0.1734
vn -0.9547 0.2785 0.1053
vn -0.8560 0.5060 0.1065
vn -0.8607 0.5001 0.0953
vn -0.9940 -0.0748 0.0802
vn -0.9870 -0.0326 0.1575
vn -0.9631 0.2171 0.1594
vn -0.9735 0.1955 0.1187
vn -0.9553 0.2705 0.1195
vn -0.9177 0.3261 0.2268
vn -0.8719 0.4332 0.2283
vn -0.8131 0.4803 0.3289
vn -0.9687 -0.0809 0.2346
vn -0.9654 -0.0729 0.2505
vn -0.9600 0.1143 0.2558
vn -0.9224 0.1621 0.3505
vn -0.9007 0.2518 0.3541
vn -0.8309 0.3041 0.4661
vn -0.7931 0.3925 0.4658
vn -0.8333 0.3687 0.4119
vn -0.7094 0.4198 0.5661
vn -0.6410 0.3236 0.6960
vn -0.6274 0.1194 0.7695
vn -0.5082 -0.0918 0.8564
vn -0.4349 0.2254 0.8718
vn -0.1498 -0.0647 0.9866
vn -0.6351 0.3739 0.6759
vn -0.5757 0.4138 0.7052
vn -0.6162 0.3083 0.7247
vn -0.5523 0.3512 0.7561
vn -0.5467 0.3959 0.7378
vn -0.3484 0.5083 0.7876
vn -0.5152 0.0602 0.8550
vn -0.4980 0.0722 0.8642
vn -0.4870 0.3104 0.8164
vn -0.3788 0.3736 0.8467
vn -0.3568 0.5137 0.7802
vn -0.2016 0.5853 0.7854
vn -0.5223 -0.0838 0.8486
vn -0.3560 0.0303 0.9340
vn -0.3558 -0.0087 0.9345
vn -0.2427 0.0606 0.9682
vn -0.2294 0.2779 0.9328
vn -0.2420 0.2713 0.9316
vn -0.1955 0.5815 0.7897
vn -0.1323 0.6075 0.7832
vn -0.3075 0.0997 0.9463
vn -0.1490 0.1878 0.9708
vn -0.1472 0.2111 0.9663
vn -0.0039 0.2809 0.9597
vn 0.0275 0.5066 0.8618
vn -0.1506 0.0458 0.9875
vn -0.0554 -0.1184 0.9914
vn 0.3585 0.4976 0.7899
vn 0.4079 0.4989 0.7646
vn 0.7585 0.1248 0.6396
vn 0.6354 0.1349 0.7603
vn 0.8180 -0.0793 0.5697
vn 0.9159 -0.2113 0.3413
vn 0.4163 0.4773 0.7739
vn 0.4686 0.5218 0.7129
vn 0.7210 0.3372 0.6053
vn 0.7175 0.3336 0.6115
vn 0.6937 0.4086 0.5932
vn 0.6504 0.3626 0.6675
vn 0.6248 0.2164 0.7502
vn 0.7568 0.3604 0.5454
vn 0.7759 0.2912 0.5596
vn 0.7339 0.2443 0.6339
vn 0.7151 0.3224 0.6202
vn 0.8208 -0.0214 0.5709
vn 0.9230 0.1158 0.3669
vn 0.9072 0.2218 0.3574
vn 0.7076 0.1978 0.6784
vn 0.5721 0.5823 0.5777
vn 0.5633 0.5662 0.6018
vn 0.9158 -0.2118 0.3412
vn 0.9316 -0.1881 0.3111
vn 0.9426 0.0865 0.3226
vn 0.9219 -0.0120 0.3873
vn 0.9490 0.0243 0.3144
vn 0.9049 0.3457 0.2482
vn 0.9017 0.3340 0.2744
vn 0.9349 -0.2605 0.2410
vn 0.8556 -0.3677 0.3644
vn 0.9063 -0.1349 0.4006
vn 0.9673 -0.0168 0.2530
vn 0.9811 0.0079 0.1934
vn 0.9602 0.2415 0.1401
vn 0.9480 0.2009 0.2469
vn 0.2991 0.2512 -0.9206
vn 0.6020 0.2897 -0.7441
vn 0.5237 0.0427 -0.8508
vn 0.5383 -0.2471 -0.8057
vn 0.4030 0.4164 -0.8150
vn 0.2481 0.3124 -0.9170
vn 0.1590 0.3618 -0.9186
vn -0.0010 0.2621 -0.9650
vn 0.6172 -0.0204 -0.7865
vn 0.6183 -0.0195 -0.7857
vn 0.2556 0.2160 -0.9423
vn 0.0880 0.1132 -0.9897
vn 0.0032 0.1630 -0.9866
vn -0.0608 0.1270 -0.9900
vn 0.5236 -0.0472 -0.8506
vn 0.4575 -0.0925 -0.8844
vn 0.6088 -0.1923 -0.7697
vn 0.4011 -0.3326 -0.8535
vn 0.0855 -0.1368 -0.9869
vn 0.0234 -0.1698 -0.9852
vn -0.0622 -0.1161 -0.9913
vn 0.4533 -0.1857 -0.8718
vn 0.3769 -0.2329 -0.8965
vn 0.4101 -0.2535 -0.8761
vn 0.2094 -0.3651 -0.9071
vn 0.0198 -0.2478 -0.9686
vn 0.3689 -0.3224 -0.8718
vn 0.2874 -0.3678 -0.8844
vn 0.2140 -0.3224 -0.9221
vn 0.5050 -0.5047 -0.7002
vn -0.5953 0.1695 -0.7854
vn -0.7618 0.3366 -0.5535
vn -0.8357 0.2778 -0.4737
vn -0.8502 0.3034 -0.4302
vn -0.9678 0.1586 -0.1952
vn -0.6040 -0.0106 -0.7969
vn -0.7295 -0.1181 -0.6737
vn -0.8698 0.0159 -0.4931
vn -0.9672 -0.1485 -0.2062
vn -0.9705 -0.1413 -0.1956
vn -0.6724 -0.3928 -0.6273
vn -0.7480 -0.4920 -0.4454
vn -0.9331 -0.3058 -0.1895
vn -0.8152 0.3283 0.4771
vn -0.8091 0.2636 0.5252
vn -0.8942 0.1078 0.4344
vn -0.9134 -0.1555 0.3762
vn -0.8368 0.2369 0.4937
vn -0.8034 0.1899 0.5643
vn -0.8233 0.1822 0.5376
vn -0.8862 0.2947 0.3574
vn -0.7416 0.4247 0.5193
vn -0.5147 0.2004 0.8336
vn -0.8919 -0.1220 0.4355
vn -0.8809 -0.1345 0.4538
vn -0.9093 -0.1843 0.3731
vn -0.8466 -0.2536 0.4678
vn -0.5274 0.0700 0.8467
vn -0.4018 -0.0184 0.9155
vn -0.8498 -0.0947 0.5185
vn -0.8689 -0.1190 0.4804
vn -0.6430 -0.2985 0.7054
vn -0.3997 -0.0984 0.9113
vn -0.8466 -0.1306 0.5159
vn -0.8446 -0.1327 0.5188
vn -0.6804 0.0264 0.7324
vn -0.6446 0.0020 0.7645
vn -0.5193 0.0946 0.8493
vn -0.5769 0.1255 0.8071
vn -0.7857 -0.3950 0.4761
vn -0.6067 -0.5086 0.6109
vn -0.5485 -0.4507 0.7043
vn -0.6577 -0.3941 0.6420
vn -0.5145 -0.2732 0.8128
vn -0.4647 -0.2955 0.8347
vn -0.7466 -0.4847 0.4558
vn -0.6608 -0.3709 0.6525
vn -0.5132 -0.4478 0.7322
vn -0.5979 -0.5342 0.5976
vn -0.6043 -0.5307 0.5943
vn -0.4354 -0.3781 0.8170
vn -0.1323 -0.4735 0.8708
vn 0.1503 0.4144 0.8976
vn -0.0465 0.2560 0.9656
vn 0.2689 0.4929 0.8275
vn 0.3171 0.4671 0.8254
vn 0.1540 0.3819 0.9113
vn 0.2004 0.3571 0.9123
vn 0.3223 0.4375 0.8395
vn 0.3240 0.4367 0.8392
vn -0.0376 0.0429 0.9984
vn 0.2425 -0.1283 0.9616
vn 0.2249 -0.1385 0.9645
vn 0.1716 -0.1070 0.9793
vn 0.3609 0.0099 0.9326
vn 0.5081 -0.0786 0.8577
vn 0.2419 -0.1465 0.9592
vn 0.1803 -0.1084 0.9776
vn 0.1714 -0.1134 0.9787
vn 0.3731 -0.2364 0.8972
vn 0.5044 -0.1548 0.8495
vn 0.3648 -0.0708 0.9284
vn 0.1710 -0.2598 0.9504
vn 0.2965 -0.3377 0.8933
vn 0.3676 -0.2981 0.8809
vn 0.1407 -0.1573 0.9775
vn 0.3643 -0.0307 0.9308
vn 0.6674 -0.2167 0.7124
vn 0.2934 -0.3646 0.8837
vn 0.1370 -0.2610 0.9556
vn 0.1307 -0.2636 0.9557
vn 0.4690 -0.4987 0.7290
vn 0.6456 -0.3872 0.6583
vn 0.7097 -0.4312 0.5571
vn 0.0813 -0.5965 0.7985
vn 0.1581 -0.6480 0.7450
vn 0.4669 -0.5080 0.7238
vn 0.5263 -0.5467 0.6513
vn 0.7126 -0.4166 0.5644
vn 0.8438 -0.5062 0.1783
vn 0.9889 0.1054 0.1046
vn 0.9915 -0.0412 0.1231
vn 0.9947 -0.0261 0.0994
vn 0.9789 -0.1671 -0.1174
vn 0.9915 0.0879 -0.0955
vn 0.9733 -0.2291 -0.0142
vn 0.9784 -0.1818 -0.0986
vn 0.8855 -0.3078 -0.3482
vn 0.9050 -0.4253 -0.0139
vn 0.8585 -0.4935 -0.1391
vn 0.8557 -0.3848 -0.3460
vn 0.9484 -0.2834 -0.1423
vn 0.8978 -0.4277 -0.1050
vn 0.9014 -0.4099 -0.1397
vn 0.8166 -0.4932 -0.2998
vn 0.8111 -0.5691 -0.1349
vn 0.4200 -0.7245 -0.5465
vn 0.6088 -0.5602 -0.5618
vn -0.6828 -0.6864 0.2502
vn -0.7713 -0.5535 0.3144
vn -0.7423 -0.4940 0.4527
vn -0.4716 -0.8109 0.3465
vn -0.5039 -0.7805 0.3700
vn -0.4442 -0.6835 0.5792
vn -0.4945 -0.6126 0.6166
vn -0.4593 -0.5564 0.6925
vn -0.2722 -0.8555 0.4405
vn -0.2649 -0.8445 0.4655
vn -0.4250 -0.6881 0.5882
vn -0.4075 -0.6597 0.6314
vn -0.4777 -0.5519 0.6835
vn -0.5347 -0.6499 0.5400
vn -0.1640 -0.8495 0.5015
vn -0.0746 -0.7031 0.7072
vn -0.1025 -0.6750 0.7307
vn -0.0714 -0.6994 0.7111
vn -0.0362 -0.6437 0.7645
vn 0.5883 -0.5582 -0.5851
vn 0.7804 -0.5492 -0.2990
vn 0.7748 -0.6235 -0.1045
vn 0.5885 -0.5739 -0.5695
vn 0.5633 -0.6005 -0.5676
vn 0.7486 -0.6422 -0.1649
vn 0.6711 -0.7231 -0.1634
vn 0.5400 -0.7529 -0.3762
vn 0.0142 -0.6384 0.7695
vn 0.2006 -0.7387 0.6435
vn 0.2561 -0.5218 0.8138
vn 0.1800 -0.5604 0.8084
vn 0.3746 -0.7998 0.4691
vn 0.5183 -0.7198 0.4618
vn 0.5302 -0.6914 0.4908
vn 0.4570 -0.7382 0.4962
vn 0.5880 -0.7502 0.3024
vn 0.8620 -0.4602 0.2125
vn 0.7746 -0.4822 0.4093
vn 0.8225 -0.3967 0.4076
vn -0.9022 -0.4256 0.0701
vn -0.3455 -0.4256 -0.8363
vn -0.9250 -0.3800 0.0000
vn -0.2858 -0.3800 -0.8797
vn 0.3086 0.4994 0.8096
vn -0.7255 0.4994 -0.4735
vn 0.4586 0.8876 -0.0425
vn 0.5888 0.8072 -0.0425
vn 0.3829 0.9196 -0.0879
vn 0.3768 0.9097 -0.1745
vn 0.2955 0.9309 -0.2147
vn 0.2824 0.9097 -0.3045
vn 0.2020 0.9196 -0.3370
vn 0.1822 0.8876 -0.4230
vn 0.5236 0.8472 -0.0898
vn 0.5175 0.8374 -0.1760
vn 0.4416 0.8694 -0.2215
vn 0.4285 0.8482 -0.3113
vn 0.3472 0.8694 -0.3515
vn 0.3273 0.8374 -0.4378
vn 0.2472 0.8472 -0.4702
vn 0.2224 0.8072 -0.5468
vn 0.4844 0.8744 0.0269
vn 0.5172 0.8376 -0.1758
vn 0.5182 0.8394 -0.1642
vn 0.3545 0.8989 -0.2575
vn 0.3212 0.8483 -0.4209
vn 0.3106 0.8500 -0.4254
vn 0.3000 0.8341 -0.4629
vn 0.1740 0.8428 -0.5094
vn 0.0894 0.7046 -0.7040
vn 0.1013 0.8876 -0.4493
vn 0.1415 0.8072 -0.5731
vn 0.1763 0.7102 -0.6815
vn 0.0764 0.8472 -0.5257
vn -0.0075 0.8374 -0.5466
vn -0.0742 0.8694 -0.4885
vn -0.1637 0.8482 -0.5037
vn -0.2271 0.8694 -0.4388
vn -0.3152 0.8374 -0.4466
vn -0.3708 0.8472 -0.3804
vn -0.4513 0.8072 -0.3805
vn 0.1176 0.7537 -0.6466
vn 0.0334 0.7439 -0.6675
vn -0.0314 0.7838 -0.6202
vn -0.1209 0.7626 -0.6355
vn -0.1876 0.7947 -0.5773
vn -0.2757 0.7626 -0.5852
vn -0.3391 0.7838 -0.5202
vn -0.4194 0.7439 -0.5203
vn -0.4752 0.7537 -0.4539
vn -0.5433 0.7102 -0.4477
vn 0.0123 0.6806 -0.7326
vn -0.0772 0.6594 -0.7478
vn -0.1420 0.6993 -0.7005
vn -0.2302 0.6673 -0.7084
vn -0.2969 0.6993 -0.6502
vn -0.3771 0.6594 -0.6504
vn -0.4406 0.6806 -0.5854
vn -0.5082 0.6373 -0.5793
vn -0.5644 0.6472 -0.5125
vn -0.6178 0.6049 -0.5024
vn -0.0741 0.5773 -0.8131
vn -0.0942 0.5919 -0.8005
vn -0.1592 0.5688 -0.8069
vn -0.2424 0.6201 -0.7461
vn -0.3303 0.5769 -0.7470
vn -0.3911 0.6057 -0.6929
vn -0.4742 0.5525 -0.6854
vn -0.5255 0.5694 -0.6322
vn -0.5789 0.5271 -0.6221
vn -0.6351 0.5369 -0.5553
vn -0.6746 0.4994 -0.5437
vn -0.5013 0.8072 -0.3117
vn -0.5937 0.7102 -0.3783
vn -0.6687 0.6049 -0.4323
vn -0.3960 0.8876 0.2352
vn -0.4764 0.8472 -0.2351
vn -0.5221 0.8374 -0.1618
vn -0.4875 0.8694 -0.0803
vn -0.5297 0.8482 0.0000
vn -0.4875 0.8694 0.0803
vn -0.5221 0.8374 0.1618
vn -0.4764 0.8472 0.2351
vn -0.5013 0.8072 0.3117
vn -0.5786 0.7537 -0.3116
vn -0.6245 0.7439 -0.2381
vn -0.5996 0.7838 -0.1618
vn -0.6417 0.7626 -0.0814
vn -0.6071 0.7947 0.0000
vn -0.6417 0.7626 0.0814
vn -0.5996 0.7838 0.1618
vn -0.6245 0.7439 0.2381
vn -0.5786 0.7537 0.3116
vn -0.5937 0.7102 0.3783
vn -0.6618 0.6472 -0.3784
vn -0.7080 0.6373 -0.3043
vn -0.6929 0.6806 -0.2381
vn -0.7351 0.6594 -0.1577
vn -0.7101 0.6993 -0.0814
vn -0.7448 0.6673 0.0000
vn -0.7101 0.6993 0.0814
vn -0.7351 0.6594 0.1577
vn -0.6929 0.6806 0.2381
vn -0.7244 0.5369 -0.4324
vn -0.7705 0.5271 -0.3584
vn -0.7636 0.5694 -0.3044
vn -0.3460 0.8876 0.3040
vn -0.4513 0.8072 0.3805
vn -0.5433 0.7102 0.4477
vn 0.0517 0.8016 0.5956
vn -0.3708 0.8472 0.3804
vn -0.3152 0.8374 0.4466
vn -0.2271 0.8694 0.4388
vn -0.1637 0.8482 0.5037
vn -0.0742 0.8694 0.4885
vn -0.0075 0.8374 0.5466
vn 0.0764 0.8472 0.5257
vn 0.1415 0.8072 0.5731
vn -0.4752 0.7537 0.4539
vn -0.4194 0.7439 0.5203
vn -0.3391 0.7838 0.5202
vn -0.2757 0.7626 0.5852
vn -0.1876 0.7947 0.5773
vn -0.1209 0.7626 0.6355
vn -0.0314 0.7838 0.6202
vn 0.0334 0.7439 0.6675
vn 0.1176 0.7537 0.6466
vn 0.1763 0.7102 0.6815
vn -0.5248 0.7526 0.3977
vn -0.4424 0.7427 0.5027
vn -0.4137 0.7583 0.5038
vn -0.2715 0.7106 0.6491
vn -0.2969 0.6993 0.6502
vn -0.2302 0.6673 0.7084
vn -0.1420 0.6993 0.7005
vn -0.0772 0.6594 0.7478
vn 0.0123 0.6806 0.7326
vn 0.0707 0.6373 0.7674
vn 0.1553 0.6472 0.7463
vn 0.2045 0.6049 0.7696
vn -0.2732 0.7053 0.6542
vn -0.1838 0.6599 0.7285
vn -0.2381 0.6373 0.7329
vn -0.1391 0.5763 0.8053
vn -0.0942 0.5919 0.8005
vn -0.0356 0.5483 0.8355
vn 0.0535 0.5694 0.8203
vn 0.1027 0.5271 0.8436
vn 0.1874 0.5369 0.8225
vn 0.2262 0.4994 0.8363
vn 0.3090 0.8010 0.5128
vn 0.2224 0.8072 0.5468
vn 0.2579 0.7102 0.6550
vn 0.2869 0.6049 0.7428
vn 0.3420 0.8570 0.3856
vn 0.3741 0.8500 0.3709
vn 0.4044 0.9004 0.1601
vn 0.3768 0.9097 0.1745
vn 0.3829 0.9196 0.0879
vn 0.4586 0.8876 0.0425
vn 0.2472 0.8472 0.4702
vn 0.3273 0.8374 0.4378
vn 0.3472 0.8694 0.3515
vn 0.4285 0.8482 0.3113
vn 0.4416 0.8694 0.2215
vn 0.5175 0.8374 0.1760
vn 0.5236 0.8472 0.0898
vn 0.5888 0.8072 0.0425
vn 0.2849 0.7537 0.5922
vn 0.3653 0.7439 0.5596
vn 0.3900 0.7838 0.4833
vn 0.4713 0.7626 0.4431
vn 0.4911 0.7947 0.3568
vn 0.5670 0.7626 0.3113
vn 0.5801 0.7838 0.2215
vn 0.3130 0.6472 0.6951
vn 0.3939 0.6373 0.6623
vn 0.4206 0.6806 0.5999
vn 0.6224 0.6993 0.3515
vn 0.3318 0.5369 0.7756
vn 0.4127 0.5271 0.7428
vn 0.4388 0.5694 0.6951
vn 0.5199 0.5483 0.6550
vn 0.7124 0.5599 0.4230
vn 0.9568 0.2034 -0.2079
vn 0.9420 0.1529 -0.2988
vn 0.9406 0.1625 -0.2979
vn 0.6804 0.0754 -0.7290
vn 0.6723 0.1568 -0.7235
vn 0.6488 0.1717 -0.7414
vn 0.6473 -0.0427 -0.7610
vn 0.6472 0.0472 -0.7608
vn 0.5823 0.0874 -0.8083
vn 0.5798 0.1131 -0.8068
vn 0.4564 0.1752 -0.8723
vn 0.1516 0.3276 -0.9326
vn 0.0815 0.2134 -0.9736
vn 0.0040 0.0874 -0.9962
vn -0.0764 -0.0427 -0.9962
vn -0.1544 -0.1683 -0.9736
vn -0.2252 -0.2821 -0.9326
vn 0.1610 0.3947 -0.9046
vn 0.1185 0.4215 -0.8990
vn 0.0895 0.3025 -0.9489
vn 0.0155 0.3482 -0.9373
vn 0.0200 0.3814 -0.9242
vn -0.0976 0.4540 -0.8856
vn 0.0081 0.1804 -0.9836
vn -0.0655 0.2259 -0.9720
vn -0.0574 0.3154 -0.9472
vn -0.0788 0.3289 -0.9411
vn -0.0591 0.4712 -0.8800
vn -0.1655 0.5377 -0.8267
vn -0.0764 0.0472 -0.9960
vn -0.1497 0.0925 -0.9844
vn -0.1456 0.1857 -0.9717
vn -0.1954 0.2166 -0.9565
vn -0.1907 0.2735 -0.9428
vn -0.1577 -0.0879 -0.9836
vn -0.2313 -0.0424 -0.9720
vn -0.2313 0.0472 -0.9717
vn -0.3076 0.0944 -0.9468
vn -0.3053 0.1555 -0.9395
vn -0.2306 -0.2154 -0.9489
vn -0.3045 -0.1696 -0.9373
vn -0.3078 -0.0897 -0.9472
vn -0.3842 -0.0424 -0.9223
vn -0.3841 0.0472 -0.9221
vn -0.4071 0.0613 -0.9113
vn -0.5876 0.4848 -0.6478
vn -0.2919 -0.3279 -0.8985
vn -0.3659 -0.2821 -0.8869
vn -0.3712 -0.2154 -0.9032
vn -0.4473 -0.1683 -0.8784
vn -0.4505 -0.0879 -0.8884
vn -0.5237 -0.0427 -0.8508
vn -0.5241 -0.0190 -0.8514
vn -0.6370 0.0509 -0.7692
vn -0.6965 0.3088 -0.6478
vn -0.6807 0.4207 -0.5997
vn -0.6886 0.4256 -0.5870
vn -0.7711 0.4256 -0.4735
vn -0.8401 0.3276 -0.4323
vn -0.9007 0.2134 -0.3783
vn -0.9462 0.0874 -0.3117
vn -0.9710 -0.0427 -0.2352
vn -0.9736 -0.1683 -0.1540
vn -0.9565 -0.2821 -0.0740
vn -0.8042 0.4078 -0.4324
vn -0.8161 0.4535 -0.3584
vn -0.8748 0.3025 -0.3784
vn -0.9329 0.1804 -0.3116
vn -0.9708 0.0472 -0.2351
vn -0.9842 -0.0879 -0.1539
vn -0.9959 -0.0424 -0.0804
vn -0.9737 -0.2154 -0.0740
vn -0.9855 -0.1696 0.0000
vn -0.9960 -0.0897 0.0000
vn -0.9959 -0.0424 0.0804
vn -0.9447 -0.3279 0.0000
vn -0.9565 -0.2821 0.0740
vn -0.9737 -0.2154 0.0740
vn -0.9736 -0.1683 0.1540
vn -0.9842 -0.0879 0.1539
vn -0.9710 -0.0427 0.2352
vn -0.5237 -0.0427 0.8508
vn -0.4505 -0.0879 0.8884
vn -0.3842 -0.0424 0.9223
vn -0.3841 0.0472 0.9221
vn -0.3076 0.0944 0.9468
vn -0.0495 0.4753 0.8784
vn -0.3308 -0.0747 0.9407
vn -0.3308 -0.0757 0.9407
vn -0.2315 -0.0143 0.9727
vn -0.2313 0.0472 0.9717
vn -0.1497 0.0925 0.9844
vn -0.1456 0.1857 0.9717
vn -0.0655 0.2259 0.9720
vn -0.0574 0.3154 0.9472
vn 0.0155 0.3482 0.9373
vn 0.0266 0.4284 0.9032
vn 0.0886 0.4535 0.8869
vn -0.2418 -0.2480 0.9381
vn -0.2483 -0.1278 0.9602
vn -0.1345 -0.0570 0.9893
vn -0.1339 -0.0747 0.9882
vn -0.1565 -0.0873 0.9838
vn -0.1564 0.0967 0.9829
vn -0.0380 0.1566 0.9869
vn -0.0356 0.2076 0.9776
vn 0.0048 0.2263 0.9741
vn 0.0158 0.3480 0.9374
vn 0.1627 0.4074 0.8987
vn 0.1628 0.4078 0.8985
vn 0.2121 0.4256 0.8797
vn 0.3455 0.4256 0.8363
vn 0.3964 0.4078 0.8225
vn 0.4496 0.4535 0.7696
vn 0.5094 0.4284 0.7464
vn 0.5564 0.4754 0.6815
vn 0.6216 0.4423 0.6466
vn 0.6587 0.4875 0.5731
vn 0.7523 0.3678 0.5466
vn 0.7236 0.4472 0.5257
vn 0.7486 0.4875 0.4493
vn 0.8117 0.0886 0.5773
vn 0.7996 0.1933 0.5685
vn 0.8319 0.2329 0.5037
vn 0.8108 0.3224 0.4885
vn 0.8529 -0.0424 0.5203
vn 0.8527 0.0472 0.5202
vn 0.8899 0.0925 0.4466
vn 0.8792 0.1857 0.4388
vn 0.9041 0.2259 0.3626
vn 0.8782 -0.1683 0.4477
vn 0.8867 -0.0879 0.4540
vn 0.9238 -0.0427 0.3805
vn 0.9236 0.0472 0.3804
vn 0.9487 0.0874 0.3040
vn 0.9379 0.1804 0.2962
vn 0.9511 0.2134 0.2234
vn 0.4164 0.3207 -0.8507
vn 0.5888 -0.0874 -0.8035
vn 0.6382 -0.2134 -0.7397
vn 0.2829 0.4027 -0.8705
vn 0.1631 0.3207 -0.9330
vn -0.0040 -0.0874 -0.9962
vn 0.5847 -0.1804 -0.7909
vn 0.5183 -0.2259 -0.8248
vn 0.0655 -0.2259 -0.9720
vn -0.0081 -0.1804 -0.9836
vn -0.0815 -0.2134 -0.9736
vn 0.6302 -0.3025 -0.7151
vn 0.5634 -0.3482 -0.7492
vn 0.5103 -0.3154 -0.8001
vn 0.4338 -0.3626 -0.8248
vn 0.1339 -0.3626 -0.9223
vn 0.0574 -0.3154 -0.9472
vn -0.0155 -0.3482 -0.9373
vn -0.0895 -0.3025 -0.9489
vn -0.1516 -0.3276 -0.9326
vn 0.5930 -0.4535 -0.6654
vn 0.5524 -0.4284 -0.7151
vn 0.4763 -0.4754 -0.7397
vn 0.4228 -0.4423 -0.7909
vn 0.3415 -0.4875 -0.8035
vn 0.2764 -0.4472 -0.8506
vn 0.1960 -0.4875 -0.8508
vn 0.1228 -0.4423 -0.8884
vn 0.0495 -0.4754 -0.8784
vn -0.0266 -0.4284 -0.9032
vn -0.0886 -0.4535 -0.8869
vn -0.1628 -0.4078 -0.8985
vn -0.2121 -0.4256 -0.8797
vn -0.7483 0.3800 -0.5437
vn -0.7304 0.2821 -0.6221
vn -0.6972 0.1683 -0.6968
vn -0.6473 0.0427 -0.7610
vn -0.5823 -0.0874 -0.8083
vn -0.5063 -0.2134 -0.8355
vn -0.4255 -0.3276 -0.8436
vn -0.7643 0.3279 -0.5553
vn -0.8173 0.2821 -0.5024
vn -0.7443 0.2154 -0.6322
vn -0.7973 0.1696 -0.5793
vn -0.8312 0.2154 -0.5125
vn -0.8782 0.1683 -0.4477
vn -0.7057 0.0879 -0.7030
vn -0.6472 -0.0472 -0.7608
vn -0.6027 -0.0115 -0.7979
vn -0.9487 -0.0874 -0.3040
vn -0.5716 -0.1804 -0.8005
vn -0.6243 -0.2259 -0.7478
vn -0.5750 -0.2534 -0.7779
vn -0.6987 -0.3772 -0.6079
vn -0.9041 -0.2259 -0.3626
vn -0.9379 -0.1804 -0.2962
vn -0.9511 -0.2134 -0.2234
vn -0.4853 -0.3025 -0.8203
vn -0.5384 -0.3482 -0.7674
vn -0.6032 -0.3154 -0.7326
vn -0.6504 -0.3626 -0.6675
vn -0.7151 -0.3224 -0.6202
vn -0.7523 -0.3678 -0.5466
vn -0.8108 -0.3224 -0.4885
vn -0.8358 -0.3626 -0.4123
vn -0.8831 -0.3154 -0.3473
vn -0.8962 -0.3482 -0.2749
vn -0.9301 -0.3025 -0.2081
vn -0.9338 -0.3276 -0.1440
vn -0.3964 -0.4078 -0.8225
vn -0.4496 -0.4535 -0.7696
vn -0.5094 -0.4284 -0.7464
vn -0.5564 -0.4753 -0.6815
vn -0.6216 -0.4423 -0.6466
vn -0.6587 -0.4875 -0.5731
vn -0.7236 -0.4472 -0.5257
vn -0.7486 -0.4875 -0.4493
vn -0.8070 -0.4423 -0.3913
vn -0.8201 -0.4753 -0.3185
vn -0.8672 -0.4284 -0.2538
vn -0.8708 -0.4535 -0.1897
vn -0.9048 -0.4078 -0.1228
vn -0.9022 -0.4256 -0.0702
vn -0.9487 -0.0874 0.3040
vn -0.9511 -0.2134 0.2234
vn -0.9338 -0.3276 0.1440
vn -0.9236 -0.0472 0.3804
vn -0.9044 -0.0742 0.4201
vn -0.8878 -0.0519 0.4573
vn -0.5149 -0.0362 0.8565
vn -0.9379 -0.1804 0.2962
vn -0.9041 -0.2259 0.3626
vn -0.8898 -0.2016 0.4095
vn -0.8946 -0.1959 0.4016
vn -0.9301 -0.3025 0.2081
vn -0.8962 -0.3482 0.2749
vn -0.8831 -0.3154 0.3473
vn -0.8358 -0.3626 0.4123
vn -0.8470 -0.3842 0.3673
vn -0.8041 -0.4234 0.4173
vn -0.9048 -0.4078 0.1228
vn -0.8708 -0.4535 0.1897
vn -0.8672 -0.4284 0.2538
vn -0.8201 -0.4753 0.3185
vn -0.8070 -0.4423 0.3913
vn -0.7979 -0.4500 0.4011
vn -0.7955 -0.4454 0.4109
vn 0.2858 0.3800 0.8797
vn 0.0592 0.0974 0.9935
vn -0.0080 -0.1791 0.9838
vn 0.0343 -0.1608 0.9864
vn -0.0163 -0.3801 0.9248
vn 0.0588 -0.1463 0.9875
vn 0.1450 -0.1990 0.9692
vn -0.0081 -0.1804 0.9836
vn 0.0655 -0.2259 0.9720
vn 0.1456 -0.1857 0.9717
vn 0.2220 -0.2329 0.9468
vn 0.0152 -0.3663 0.9304
vn -0.0155 -0.3482 0.9373
vn 0.0574 -0.3154 0.9472
vn 0.1339 -0.3626 0.9223
vn 0.2140 -0.3224 0.9221
vn 0.2874 -0.3678 0.8844
vn -0.0278 -0.4606 0.8872
vn -0.0601 -0.4422 0.8949
vn -0.0266 -0.4284 0.9032
vn 0.0495 -0.4753 0.8784
vn 0.1228 -0.4423 0.8884
vn 0.1960 -0.4875 0.8508
vn 0.2764 -0.4472 0.8506
vn 0.3415 -0.4875 0.8035
vn 0.9736 0.1683 0.1540
vn 0.9710 0.0427 0.2352
vn 0.9462 -0.0874 0.3117
vn 0.9007 -0.2134 0.3783
vn 0.8401 -0.3276 0.4323
vn 0.9746 0.1836 0.1284
vn 0.9946 0.1041 0.0000
vn 0.9746 0.1836 -0.1284
vn 0.9736 0.1683 -0.1540
vn 0.9842 0.0879 0.1539
vn 0.9959 0.0424 0.0804
vn 0.9960 0.0897 0.0000
vn 0.9932 0.1108 0.0364
vn 0.9615 0.2281 -0.1533
vn 0.9434 0.1506 -0.2953
vn 0.9708 -0.0472 0.2351
vn 0.9825 -0.0925 0.1618
vn 0.9956 -0.0472 0.0803
vn 0.9955 -0.0944 0.0000
vn 0.9926 -0.1156 0.0365
vn 0.9848 -0.1656 -0.0517
vn 0.9541 -0.0144 -0.2990
vn 0.9329 -0.1804 0.3116
vn 0.9446 -0.2259 0.2381
vn 0.9692 -0.1857 0.1618
vn 0.9691 -0.2329 0.0814
vn 0.9822 -0.1876 0.0000
vn 0.9691 -0.2329 -0.0814
vn 0.9669 -0.2499 -0.0514
vn 0.8748 -0.3025 0.3784
vn 0.8866 -0.3482 0.3043
vn 0.9186 -0.3154 0.2381
vn 0.9185 -0.3626 0.1577
vn 0.9431 -0.3224 0.0814
vn 0.9299 -0.3678 0.0000
vn 0.9431 -0.3224 -0.0814
vn 0.9228 -0.3565 -0.1459
vn 0.8042 -0.4078 0.4324
vn 0.8161 -0.4535 0.3584
vn 0.8508 -0.4284 0.3044
vn 0.8507 -0.4753 0.2244
vn 0.8829 -0.4423 0.1577
vn 0.8697 -0.4875 0.0765
vn 0.8944 -0.4472 0.0000
vn 0.8697 -0.4875 -0.0765
vn 0.8815 -0.4492 -0.1458
vn 0.6178 -0.6049 -0.5024
vn 0.5433 -0.7102 -0.4477
vn 0.4513 -0.8072 -0.3805
vn 0.3460 -0.8876 -0.3040
vn 0.6351 -0.5369 -0.5553
vn 0.5789 -0.5271 -0.6221
vn 0.5644 -0.6472 -0.5125
vn 0.5082 -0.6373 -0.5793
vn 0.5255 -0.5694 -0.6322
vn 0.4623 -0.5483 -0.6968
vn 0.4752 -0.7537 -0.4539
vn 0.4194 -0.7439 -0.5203
vn 0.4406 -0.6806 -0.5854
vn 0.3771 -0.6594 -0.6504
vn 0.3943 -0.5919 -0.7030
vn 0.3277 -0.5599 -0.7610
vn 0.3708 -0.8472 -0.3804
vn 0.3152 -0.8374 -0.4466
vn 0.3391 -0.7838 -0.5202
vn 0.2757 -0.7626 -0.5852
vn 0.2969 -0.6993 -0.6502
vn 0.2302 -0.6673 -0.7084
vn 0.2472 -0.6000 -0.7608
vn 0.1822 -0.5599 -0.8083
vn 0.2271 -0.8694 -0.4388
vn 0.1637 -0.8482 -0.5037
vn 0.1876 -0.7947 -0.5773
vn 0.1209 -0.7626 -0.6355
vn 0.1420 -0.6993 -0.7005
vn 0.0772 -0.6594 -0.7478
vn 0.0942 -0.5919 -0.8005
vn 0.0356 -0.5483 -0.8355
vn 0.0314 -0.7838 -0.6202
vn -0.0334 -0.7439 -0.6675
vn -0.0123 -0.6806 -0.7326
vn -0.0707 -0.6373 -0.7674
vn -0.0535 -0.5694 -0.8203
vn -0.1027 -0.5271 -0.8436
vn -0.1176 -0.7537 -0.6466
vn -0.1763 -0.7102 -0.6815
vn -0.1553 -0.6472 -0.7464
vn -0.2045 -0.6049 -0.7696
vn -0.1874 -0.5369 -0.8225
vn -0.2262 -0.4994 -0.8363
vn -0.3086 -0.4994 -0.8096
vn -0.2869 -0.6049 -0.7428
vn -0.2579 -0.7102 -0.6550
vn -0.3318 -0.5369 -0.7756
vn -0.4127 -0.5271 -0.7428
vn -0.3130 -0.6472 -0.6951
vn -0.3939 -0.6373 -0.6623
vn -0.4389 -0.5694 -0.6951
vn -0.5199 -0.5483 -0.6550
vn -0.2849 -0.7537 -0.5922
vn -0.3653 -0.7439 -0.5596
vn -0.4206 -0.6806 -0.5999
vn -0.5020 -0.6594 -0.5596
vn -0.5468 -0.5919 -0.5922
vn -0.6225 -0.5599 -0.5468
vn -0.3900 -0.7838 -0.4833
vn -0.4713 -0.7626 -0.4431
vn -0.5267 -0.6993 -0.4833
vn -0.6026 -0.6673 -0.4378
vn -0.6472 -0.6000 -0.4702
vn -0.7124 -0.5599 -0.4230
vn -0.4911 -0.7947 -0.3568
vn -0.5670 -0.7626 -0.3113
vn -0.6224 -0.6993 -0.3515
vn -0.6874 -0.6594 -0.3045
vn -0.7322 -0.5919 -0.3370
vn -0.7836 -0.5483 -0.2920
vn -0.5175 -0.8374 -0.1760
vn -0.5801 -0.7838 -0.2215
vn -0.6451 -0.7439 -0.1745
vn -0.7005 -0.6806 -0.2147
vn -0.7516 -0.6373 -0.1699
vn -0.7967 -0.5694 -0.2026
vn -0.8340 -0.5271 -0.1630
vn -0.4586 -0.8876 -0.0425
vn -0.5236 -0.8472 -0.0898
vn -0.5888 -0.8072 -0.0425
vn -0.6513 -0.7537 -0.0879
vn -0.7027 -0.7102 -0.0429
vn -0.7578 -0.6472 -0.0829
vn -0.7951 -0.6049 -0.0433
vn -0.8402 -0.5369 -0.0759
vn -0.8653 -0.4994 -0.0434
vn -0.8653 -0.4994 0.0434
vn -0.7951 -0.6049 0.0433
vn -0.7027 -0.7102 0.0429
vn -0.5888 -0.8072 0.0425
vn -0.4586 -0.8876 0.0425
vn -0.8402 -0.5369 0.0759
vn -0.8340 -0.5271 0.1630
vn -0.7578 -0.6472 0.0829
vn -0.7516 -0.6373 0.1699
vn -0.7967 -0.5694 0.2026
vn -0.7836 -0.5483 0.2920
vn -0.6513 -0.7537 0.0879
vn -0.6451 -0.7439 0.1745
vn -0.7005 -0.6806 0.2147
vn -0.6874 -0.6594 0.3045
vn -0.7322 -0.5919 0.3370
vn -0.7294 -0.5870 0.3513
vn -0.5236 -0.8472 0.0898
vn -0.5175 -0.8374 0.1760
vn -0.5801 -0.7838 0.2215
vn -0.5773 -0.7790 0.2447
vn -0.6738 -0.6685 0.3149
vn -0.3829 -0.9196 0.0879
vn -0.3768 -0.9097 0.1745
vn -0.4416 -0.8694 0.2215
vn -0.4347 -0.8583 0.2727
vn -0.4792 -0.8230 0.3050
vn -0.2955 -0.9309 0.2147
vn -0.2824 -0.9097 0.3045
vn -0.3179 -0.8887 0.3304
vn -0.2895 -0.8428 0.4536
vn -0.2020 -0.9196 0.3370
vn -0.1822 -0.8876 0.4230
vn -0.2472 -0.8472 0.4702
vn -0.2224 -0.8072 0.5468
vn -0.0984 -0.6679 0.7377
vn 0.8250 -0.5599 -0.0765
vn 0.8250 -0.5599 0.0765
vn 0.8056 -0.5483 0.2244
vn 0.7705 -0.5271 0.3584
vn 0.5937 -0.7102 -0.3783
vn 0.7904 -0.5919 -0.1577
vn 0.7351 -0.6594 -0.1577
vn 0.6929 -0.6806 -0.2381
vn 0.6245 -0.7439 -0.2381
vn 0.5786 -0.7537 -0.3116
vn 0.5013 -0.8072 -0.3117
vn 0.8000 -0.6000 0.0000
vn 0.7448 -0.6673 0.0000
vn 0.7101 -0.6993 -0.0814
vn 0.6417 -0.7626 -0.0814
vn 0.5996 -0.7838 -0.1618
vn 0.5222 -0.8374 -0.1618
vn 0.4764 -0.8472 -0.2351
vn 0.3960 -0.8876 -0.2352
vn 0.7904 -0.5919 0.1577
vn 0.7351 -0.6594 0.1577
vn 0.7101 -0.6993 0.0814
vn 0.6417 -0.7626 0.0814
vn 0.6071 -0.7947 -0.0000
vn 0.5297 -0.8482 0.0000
vn 0.4875 -0.8694 -0.0803
vn 0.7636 -0.5694 0.3044
vn 0.7080 -0.6373 0.3043
vn 0.6929 -0.6806 0.2381
vn 0.6245 -0.7439 0.2381
vn 0.5996 -0.7838 0.1618
vn 0.5222 -0.8374 0.1618
vn 0.4875 -0.8694 0.0803
vn 0.4074 -0.9097 0.0804
vn 0.7710 -0.5270 0.3575
vn 0.6583 -0.6628 0.3568
vn 0.6618 -0.6472 0.3784
vn 0.5937 -0.7102 0.3783
vn 0.5786 -0.7537 0.3116
vn 0.5013 -0.8072 0.3117
vn 0.4764 -0.8472 0.2351
vn 0.3960 -0.8876 0.2352
vn 0.3615 -0.9196 0.1539
vn -0.1265 -0.6702 0.7313
vn -0.1763 -0.7102 0.6815
vn -0.1415 -0.8072 0.5731
vn -0.1013 -0.8876 0.4493
vn -0.0959 -0.5492 0.8301
vn -0.0801 -0.5469 0.8333
vn -0.1553 -0.6472 0.7463
vn -0.0707 -0.6373 0.7674
vn -0.0535 -0.5694 0.8203
vn 0.0356 -0.5483 0.8355
vn -0.1176 -0.7537 0.6466
vn -0.0334 -0.7439 0.6675
vn -0.0123 -0.6806 0.7326
vn 0.0772 -0.6594 0.7478
vn 0.0942 -0.5919 0.8005
vn 0.1822 -0.5599 0.8083
vn -0.0764 -0.8472 0.5257
vn 0.0075 -0.8374 0.5466
vn 0.0314 -0.7838 0.6202
vn 0.1209 -0.7626 0.6355
vn 0.1420 -0.6993 0.7005
vn 0.2302 -0.6673 0.7084
vn 0.2472 -0.6000 0.7608
vn 0.3277 -0.5599 0.7610
vn -0.0347 -0.9196 0.3913
vn 0.0495 -0.9097 0.4123
vn 0.0742 -0.8694 0.4885
vn 0.1637 -0.8482 0.5037
vn 0.1876 -0.7947 0.5773
vn 0.2757 -0.7626 0.5852
vn 0.2969 -0.6993 0.6502
vn 0.1129 -0.9309 0.3473
vn 0.2023 -0.9097 0.3626
vn 0.2271 -0.8694 0.4388
vn 0.3152 -0.8374 0.4466
vn 0.3391 -0.7838 0.5202
vn 0.3929 -0.7579 0.5208
vn 0.2581 -0.9196 0.2962
vn 0.3460 -0.8876 0.3040
vn 0.3708 -0.8472 0.3804
vn 0.4513 -0.8072 0.3805
vn 0.4681 -0.7713 0.4313
vn 0.5623 -0.7108 0.4226
vn 0.5573 -0.7227 0.4088
vn 0.6335 -0.6651 0.3955
vn 0.0228 -0.9973 0.0701
vn -0.0597 -0.9973 0.0434
vn -0.0588 -0.9826 0.1763
vn 0.1512 -0.9826 0.1080
vn 0.2782 0.9605 -0.0061
vn 0.1330 0.9880 -0.0783
vn 0.3993 0.9114 -0.1001
vn 0.2886 0.9574 -0.0140
vn 0.2643 0.9124 -0.3127
vn 0.2592 0.9507 -0.1701
vn 0.2578 0.9479 -0.1873
vn 0.1490 0.9614 -0.2313
vn 0.1400 0.9461 -0.2920
vn -0.1664 0.9741 -0.1532
vn -0.0591 0.9076 -0.4157
vn 0.0584 0.9461 -0.3185
vn -0.1981 0.9457 -0.2575
vn -0.1584 0.9556 -0.2487
vn -0.0047 0.9672 -0.2538
vn -0.0893 0.9573 -0.2749
vn -0.1454 0.9672 -0.2081
vn -0.2345 0.9461 -0.2234
vn 0.0347 0.9196 -0.3913
vn -0.0495 0.9097 -0.4123
vn -0.1129 0.9309 -0.3473
vn -0.2023 0.9097 -0.3626
vn -0.2581 0.9196 -0.2962
vn -0.3460 0.8876 -0.3040
vn -0.1778 0.9745 -0.1370
vn -0.2854 0.9556 -0.0738
vn -0.2849 0.9461 -0.1540
vn -0.3960 0.8876 -0.2352
vn -0.3214 0.9372 -0.1353
vn -0.4151 0.9095 0.0227
vn -0.2428 0.9672 -0.0740
vn -0.2891 0.9573 0.0000
vn -0.2748 0.9612 0.0232
vn -0.3434 0.9265 0.1540
vn -0.3615 0.9196 -0.1539
vn -0.4074 0.9097 -0.0804
vn -0.3652 0.9309 0.0000
vn -0.4074 0.9097 0.0804
vn -0.3615 0.9196 0.1539
vn -0.0565 0.9978 0.0360
vn -0.2761 0.9352 0.2218
vn -0.2526 0.9265 0.2790
vn -0.1034 0.9779 0.1815
vn -0.0413 0.9664 0.2538
vn -0.2948 0.9120 0.2852
vn -0.3059 0.9127 0.2711
vn -0.0260 0.9779 0.2074
vn 0.1131 0.9286 0.3534
vn -0.2581 0.9196 0.2962
vn -0.2023 0.9097 0.3626
vn -0.3387 0.8607 0.3802
vn -0.1149 0.7850 0.6088
vn 0.0323 0.8137 0.5804
vn 0.2787 0.9577 -0.0717
vn 0.2150 0.9622 0.1672
vn 0.2363 0.9206 0.3110
vn 0.2319 0.9668 -0.1073
vn 0.1331 0.9888 -0.0672
vn 0.2531 0.9477 0.1942
vn 0.3764 0.9159 0.1395
vn 0.3784 0.9190 0.1110
vn 0.3993 0.9114 0.1001
vn 0.2345 -0.9461 -0.2234
vn 0.2704 -0.9607 0.0634
vn 0.2581 -0.9196 -0.2962
vn 0.2023 -0.9097 -0.3626
vn 0.3700 -0.8966 -0.2434
vn 0.3791 -0.8960 -0.2312
vn 0.4243 -0.8185 -0.3874
vn 0.3107 -0.7965 -0.5188
vn 0.3109 -0.7959 -0.5196
vn 0.0703 -0.6801 -0.7297
vn 0.1573 -0.9834 0.0906
vn 0.0213 -0.9963 -0.0836
vn 0.0449 -0.9868 -0.1555
vn -0.0536 -0.9638 -0.2613
vn 0.0148 -0.8831 -0.4690
vn -0.0892 -0.8263 -0.5561
vn -0.0261 -0.7000 -0.7137
vn -0.0794 -0.6599 -0.7471
vn -0.3741 -0.6609 -0.6506
vn -0.1029 -0.8273 -0.5523
vn -0.1914 -0.9576 -0.2152
vn -0.0695 -0.9961 -0.0541
vn -0.3492 -0.6176 -0.7047
vn -0.5618 -0.5730 -0.5967
vn -0.1859 -0.9596 -0.2112
vn -0.4035 -0.9078 -0.1148
vn -0.6444 -0.7074 -0.2904
vn -0.5156 -0.7706 -0.3746
vn -0.2000 -0.9684 -0.1492
vn -0.2914 -0.9502 -0.1107
vn -0.3965 -0.8987 -0.1876
vn -0.5070 -0.8526 -0.1264
vn -0.5474 -0.8220 -0.1569
vn -0.0818 -0.9837 0.1604
vn -0.1387 -0.9733 0.1829
vn -0.2982 -0.9517 0.0728
vn -0.3583 -0.9279 0.1031
vn -0.5113 -0.8594 -0.0092
vn -0.3593 -0.9305 0.0706
vn -0.1408 -0.9881 0.0614
vn -0.2368 -0.9627 0.1312
vn -0.2339 -0.9573 0.1699
vn -0.1045 -0.9916 0.0759
vn -0.0985 -0.9817 0.1630
vn -0.1530 -0.9672 0.2026
vn -0.1400 -0.9461 0.2920
vn 0.4074 -0.9097 -0.0804
vn 0.3615 -0.9196 -0.1539
vn 0.2849 -0.9461 -0.1540
vn 0.3652 -0.9309 0.0000
vn 0.2891 -0.9573 0.0000
vn 0.2428 -0.9672 -0.0740
vn 0.1755 -0.9817 -0.0740
vn 0.2849 -0.9461 0.1540
vn 0.2428 -0.9672 0.0740
vn 0.1755 -0.9817 0.0740
vn 0.1292 -0.9916 0.0000
vn 0.0738 -0.9973 0.0000
vn -0.0584 -0.9461 0.3185
vn -0.0161 -0.9817 0.1897
vn 0.0047 -0.9672 0.2538
vn 0.0893 -0.9573 0.2749
vn 0.0399 -0.9916 0.1228
vn 0.1246 -0.9817 0.1440
vn 0.1454 -0.9672 0.2081
vn 0.2345 -0.9461 0.2234
usemtl Green
s off
f 3/1/1 33/2/1 103/3/1
f 6/4/2 82/5/2 145/6/2
f 2/7/3 89/8/3 104/9/3
f 3/1/4 103/3/4 118/10/4
f 6/4/5 145/6/5 90/11/5
f 8/12/6 166/13/6 208/14/6
f 10/15/7 180/16/7 222/17/7
f 11/18/8 187/19/8 195/20/8
f 196/21/9 233/22/9 197/23/9
f 195/20/10 238/24/10 196/21/10
f 233/22/11 234/25/11 229/26/11
f 196/21/12 238/24/12 233/22/12
f 238/24/13 239/27/13 233/22/13
f 233/22/14 239/27/14 234/25/14
f 239/27/15 240/28/15 234/25/15
f 234/25/16 240/28/16 235/29/16
f 240/28/17 241/30/17 235/29/17
f 235/29/18 241/30/18 236/31/18
f 241/30/19 242/32/19 236/31/19
f 236/31/20 242/32/20 237/33/20
f 242/32/21 243/34/21 237/33/21
f 237/33/22 243/34/22 221/35/22
f 243/34/23 222/36/23 221/35/23
f 195/20/24 187/19/24 238/24/24
f 187/19/25 186/37/25 238/24/25
f 238/24/26 186/37/26 239/27/26
f 186/37/27 185/38/27 239/27/27
f 239/27/28 185/38/28 240/28/28
f 185/38/29 184/39/29 240/28/29
f 240/28/30 184/39/30 241/30/30
f 184/39/31 183/40/31 241/30/31
f 241/30/32 183/40/32 242/32/32
f 183/40/33 182/41/33 242/32/33
f 242/32/34 182/41/34 243/34/34
f 182/41/35 181/42/35 243/34/35
f 243/34/36 181/42/36 222/36/36
f 181/42/37 10/15/37 222/36/37
f 222/17/38 259/43/38 221/44/38
f 221/44/39 259/43/39 254/45/39
f 259/43/40 260/46/40 254/45/40
f 222/17/41 180/16/41 259/43/41
f 180/16/42 179/47/42 259/43/42
f 259/43/43 179/47/43 260/46/43
f 284/48/44 285/49/44 279/50/44
f 279/50/45 285/49/45 207/51/45
f 285/49/46 208/52/46 207/51/46
f 172/53/47 171/54/47 281/55/47
f 281/55/48 171/54/48 282/56/48
f 171/54/49 170/57/49 282/56/49
f 282/56/50 170/57/50 283/58/50
f 170/57/51 169/59/51 283/58/51
f 283/58/52 169/59/52 284/48/52
f 169/59/53 168/60/53 284/48/53
f 284/48/54 168/60/54 285/49/54
f 168/60/55 167/61/55 285/49/55
f 285/49/56 167/61/56 208/52/56
f 167/61/57 8/62/57 208/52/57
f 208/14/58 301/63/58 207/64/58
f 208/14/59 166/13/59 301/63/59
f 166/13/60 165/65/60 301/63/60
f 301/63/61 165/65/61 302/66/61
f 165/65/62 164/67/62 302/66/62
f 320/68/63 321/69/63 316/70/63
f 316/70/64 321/69/64 197/71/64
f 321/69/65 196/72/65 197/71/65
f 323/73/66 324/74/66 318/75/66
f 318/75/67 324/74/67 319/76/67
f 324/74/68 325/77/68 319/76/68
f 325/77/69 326/78/69 320/68/69
f 320/68/70 326/78/70 321/69/70
f 326/78/71 327/79/71 321/69/71
f 321/69/72 327/79/72 196/72/72
f 327/79/73 195/80/73 196/72/73
f 323/73/74 157/81/74 324/74/74
f 157/81/75 156/82/75 324/74/75
f 324/74/76 156/82/76 325/77/76
f 325/77/77 155/83/77 326/78/77
f 155/83/78 154/84/78 326/78/78
f 326/78/79 154/84/79 327/79/79
f 154/84/80 153/85/80 327/79/80
f 327/79/81 153/85/81 195/80/81
f 153/85/82 11/18/82 195/80/82
f 96/86/83 187/19/83 11/18/83
f 95/87/84 328/88/84 96/86/84
f 92/89/85 334/90/85 93/91/85
f 91/92/86 338/93/86 92/89/86
f 90/11/87 343/94/87 91/92/87
f 96/86/88 328/88/88 187/19/88
f 328/88/89 186/37/89 187/19/89
f 95/87/90 329/95/90 328/88/90
f 329/95/91 330/96/91 328/88/91
f 328/88/92 330/96/92 186/37/92
f 330/96/93 185/38/93 186/37/93
f 331/97/94 332/98/94 329/95/94
f 329/95/95 332/98/95 330/96/95
f 332/98/96 333/99/96 330/96/96
f 330/96/97 333/99/97 185/38/97
f 333/99/98 184/39/98 185/38/98
f 93/91/99 334/90/99 331/97/99
f 334/90/100 335/100/100 331/97/100
f 331/97/101 335/100/101 332/98/101
f 335/100/102 336/101/102 332/98/102
f 332/98/103 336/101/103 333/99/103
f 336/101/104 337/102/104 333/99/104
f 333/99/105 337/102/105 184/39/105
f 337/102/106 183/40/106 184/39/106
f 92/89/107 338/93/107 334/90/107
f 338/93/108 339/103/108 334/90/108
f 334/90/109 339/103/109 335/100/109
f 339/103/110 340/104/110 335/100/110
f 335/100/111 340/104/111 336/101/111
f 340/104/112 341/105/112 336/101/112
f 336/101/113 341/105/113 337/102/113
f 341/105/114 342/106/114 337/102/114
f 337/102/115 342/106/115 183/40/115
f 342/106/116 182/41/116 183/40/116
f 91/92/117 343/94/117 338/93/117
f 343/94/118 344/107/118 338/93/118
f 338/93/119 344/107/119 339/103/119
f 344/107/120 345/108/120 339/103/120
f 339/103/121 345/108/121 340/104/121
f 341/105/122 347/109/122 342/106/122
f 347/109/123 348/110/123 342/106/123
f 342/106/124 348/110/124 182/41/124
f 348/110/125 181/42/125 182/41/125
f 90/11/126 145/6/126 343/94/126
f 145/6/127 144/111/127 343/94/127
f 343/94/128 144/111/128 344/107/128
f 144/111/129 143/112/129 344/107/129
f 344/107/130 143/112/130 345/108/130
f 347/109/131 140/113/131 348/110/131
f 140/113/132 139/114/132 348/110/132
f 348/110/133 139/114/133 181/42/133
f 139/114/134 10/15/134 181/42/134
f 152/115/135 180/16/135 10/15/135
f 357/116/136 358/117/136 354/118/136
f 354/118/137 358/117/137 177/119/137
f 358/117/138 176/120/138 177/119/138
f 361/121/139 362/122/139 357/116/139
f 357/116/140 362/122/140 358/117/140
f 362/122/141 363/123/141 358/117/141
f 358/117/142 363/123/142 176/120/142
f 363/123/143 175/124/143 176/120/143
f 361/121/144 367/125/144 362/122/144
f 367/125/145 368/126/145 362/122/145
f 362/122/146 368/126/146 363/123/146
f 368/126/147 369/127/147 363/123/147
f 363/123/148 369/127/148 175/124/148
f 367/125/149 127/128/149 368/126/149
f 127/128/150 126/129/150 368/126/150
f 368/126/151 126/129/151 369/127/151
f 371/130/152 372/131/152 370/132/152
f 370/132/153 372/131/153 172/53/153
f 372/131/154 171/54/154 172/53/154
f 373/133/155 374/134/155 371/130/155
f 371/130/156 374/134/156 372/131/156
f 374/134/157 375/135/157 372/131/157
f 372/131/158 375/135/158 171/54/158
f 375/135/159 170/57/159 171/54/159
f 376/136/160 377/137/160 373/133/160
f 373/133/161 377/137/161 374/134/161
f 377/137/162 378/138/162 374/134/162
f 374/134/163 378/138/163 375/135/163
f 378/138/164 379/139/164 375/135/164
f 375/135/165 379/139/165 170/57/165
f 379/139/166 169/59/166 170/57/166
f 376/136/167 381/140/167 377/137/167
f 381/140/168 382/141/168 377/137/168
f 377/137/169 382/141/169 378/138/169
f 382/141/170 383/142/170 378/138/170
f 378/138/171 383/142/171 379/139/171
f 383/142/172 384/143/172 379/139/172
f 379/139/173 384/143/173 169/59/173
f 384/143/174 168/60/174 169/59/174
f 381/140/175 387/144/175 382/141/175
f 387/144/176 388/145/176 382/141/176
f 382/141/177 388/145/177 383/142/177
f 388/145/178 389/146/178 383/142/178
f 383/142/179 389/146/179 384/143/179
f 389/146/180 390/147/180 384/143/180
f 384/143/181 390/147/181 168/60/181
f 390/147/182 167/61/182 168/60/182
f 387/144/183 114/148/183 388/145/183
f 114/148/184 113/149/184 388/145/184
f 388/145/185 113/149/185 389/146/185
f 113/149/186 112/150/186 389/146/186
f 389/146/187 112/150/187 390/147/187
f 112/150/188 111/151/188 390/147/188
f 390/147/189 111/151/189 167/61/189
f 111/151/190 8/62/190 167/61/190
f 124/152/191 166/13/191 8/12/191
f 123/153/192 391/154/192 124/152/192
f 122/155/193 392/156/193 123/153/193
f 121/157/194 394/158/194 122/155/194
f 119/159/195 401/160/195 120/161/195
f 118/10/196 406/162/196 119/159/196
f 124/152/197 391/154/197 166/13/197
f 391/154/198 165/65/198 166/13/198
f 123/153/199 392/156/199 391/154/199
f 392/156/200 393/163/200 391/154/200
f 391/154/201 393/163/201 165/65/201
f 393/163/202 164/67/202 165/65/202
f 122/155/203 394/158/203 392/156/203
f 394/158/204 395/164/204 392/156/204
f 392/156/205 395/164/205 393/163/205
f 395/164/206 396/165/206 393/163/206
f 393/163/207 396/165/207 164/67/207
f 396/165/208 163/166/208 164/67/208
f 121/157/209 397/167/209 394/158/209
f 397/167/210 398/168/210 394/158/210
f 394/158/211 398/168/211 395/164/211
f 398/168/212 399/169/212 395/164/212
f 395/164/213 399/169/213 396/165/213
f 399/169/214 400/170/214 396/165/214
f 396/165/215 400/170/215 163/166/215
f 400/170/216 162/171/216 163/166/216
f 398/168/217 403/172/217 399/169/217
f 403/172/218 404/173/218 399/169/218
f 399/169/219 404/173/219 400/170/219
f 404/173/220 405/174/220 400/170/220
f 400/170/221 405/174/221 162/171/221
f 119/159/222 406/162/222 401/160/222
f 118/10/223 103/3/223 406/162/223
f 109/175/224 412/176/224 110/177/224
f 108/178/225 413/179/225 109/175/225
f 107/180/226 415/181/226 108/178/226
f 106/182/227 418/183/227 107/180/227
f 105/184/228 422/185/228 106/182/228
f 104/9/229 427/186/229 105/184/229
f 109/175/230 413/179/230 412/176/230
f 413/179/231 414/187/231 412/176/231
f 108/178/232 415/181/232 413/179/232
f 415/181/233 416/188/233 413/179/233
f 413/179/234 416/188/234 414/187/234
f 416/188/235 417/189/235 414/187/235
f 107/180/236 418/183/236 415/181/236
f 418/183/237 419/190/237 415/181/237
f 415/181/238 419/190/238 416/188/238
f 419/190/239 420/191/239 416/188/239
f 416/188/240 420/191/240 417/189/240
f 106/182/241 422/185/241 418/183/241
f 422/185/242 423/192/242 418/183/242
f 418/183/243 423/192/243 419/190/243
f 425/193/244 426/194/244 421/195/244
f 421/195/245 426/194/245 155/83/245
f 426/194/246 154/84/246 155/83/246
f 105/184/247 427/186/247 422/185/247
f 427/186/248 428/196/248 422/185/248
f 422/185/249 428/196/249 423/192/249
f 425/193/250 431/197/250 426/194/250
f 431/197/251 432/198/251 426/194/251
f 426/194/252 432/198/252 154/84/252
f 432/198/253 153/85/253 154/84/253
f 104/9/254 89/8/254 427/186/254
f 89/8/255 88/199/255 427/186/255
f 427/186/256 88/199/256 428/196/256
f 431/197/257 84/200/257 432/198/257
f 84/200/258 83/201/258 432/198/258
f 432/198/259 83/201/259 153/85/259
f 83/201/260 11/18/260 153/85/260
f 139/114/261 152/115/261 10/15/261
f 141/202/262 434/203/262 140/113/262
f 142/204/263 436/205/263 141/202/263
f 145/6/264 448/206/264 144/111/264
f 140/113/265 434/203/265 433/207/265
f 434/203/266 435/208/266 433/207/266
f 433/207/267 435/208/267 151/209/267
f 435/208/268 150/210/268 151/209/268
f 141/202/269 436/205/269 434/203/269
f 436/205/270 437/211/270 434/203/270
f 434/203/271 437/211/271 435/208/271
f 437/211/272 438/212/272 435/208/272
f 435/208/273 438/212/273 150/210/273
f 438/212/274 149/213/274 150/210/274
f 142/204/275 439/214/275 436/205/275
f 439/214/276 440/215/276 436/205/276
f 436/205/277 440/215/277 437/211/277
f 440/215/278 441/216/278 437/211/278
f 437/211/279 441/216/279 438/212/279
f 441/216/280 442/217/280 438/212/280
f 438/212/281 442/217/281 149/213/281
f 439/214/282 444/218/282 440/215/282
f 444/218/283 445/219/283 440/215/283
f 440/215/284 445/219/284 441/216/284
f 445/219/285 446/220/285 441/216/285
f 441/216/286 446/220/286 442/217/286
f 444/218/287 450/221/287 445/219/287
f 450/221/288 451/222/288 445/219/288
f 445/219/289 451/222/289 446/220/289
f 145/6/290 82/5/290 448/206/290
f 457/223/291 458/224/291 455/225/291
f 455/225/292 458/224/292 456/226/292
f 458/224/293 459/227/293 456/226/293
f 456/226/294 459/227/294 136/228/294
f 459/227/295 135/229/295 136/228/295
f 457/223/296 461/230/296 458/224/296
f 461/230/297 462/231/297 458/224/297
f 458/224/298 462/231/298 459/227/298
f 462/231/299 463/232/299 459/227/299
f 459/227/300 463/232/300 135/229/300
f 461/230/301 466/233/301 462/231/301
f 466/233/302 467/234/302 462/231/302
f 462/231/303 467/234/303 463/232/303
f 111/151/304 124/235/304 8/62/304
f 112/150/305 475/236/305 111/151/305
f 113/149/306 476/237/306 112/150/306
f 114/148/307 478/238/307 113/149/307
f 111/151/308 475/236/308 124/235/308
f 475/236/309 123/239/309 124/235/309
f 112/150/310 476/237/310 475/236/310
f 476/237/311 477/240/311 475/236/311
f 475/236/312 477/240/312 123/239/312
f 477/240/313 122/241/313 123/239/313
f 113/149/314 478/238/314 476/237/314
f 478/238/315 479/242/315 476/237/315
f 476/237/316 479/242/316 477/240/316
f 479/242/317 480/243/317 477/240/317
f 477/240/318 480/243/318 122/241/318
f 480/243/319 121/244/319 122/241/319
f 482/245/320 483/246/320 479/242/320
f 479/242/321 483/246/321 480/243/321
f 483/246/322 484/247/322 480/243/322
f 480/243/323 484/247/323 121/244/323
f 482/245/324 487/248/324 483/246/324
f 487/248/325 488/249/325 483/246/325
f 483/246/326 488/249/326 484/247/326
f 488/249/327 489/250/327 484/247/327
f 484/247/328 489/250/328 120/251/328
f 489/250/329 119/252/329 120/251/329
f 487/248/330 493/253/330 488/249/330
f 493/253/331 494/254/331 488/249/331
f 488/249/332 494/254/332 489/250/332
f 494/254/333 495/255/333 489/250/333
f 489/250/334 495/255/334 119/252/334
f 495/255/335 118/256/335 119/252/335
f 58/257/336 57/258/336 493/253/336
f 493/253/337 57/258/337 494/254/337
f 57/258/338 56/259/338 494/254/338
f 494/254/339 56/259/339 495/255/339
f 56/259/340 55/260/340 495/255/340
f 495/255/341 55/260/341 118/256/341
f 55/260/342 3/261/342 118/256/342
f 98/262/343 496/263/343 97/264/343
f 99/265/344 497/266/344 98/262/344
f 97/264/345 496/263/345 110/177/345
f 496/263/346 109/175/346 110/177/346
f 98/262/347 497/266/347 496/263/347
f 497/266/348 498/267/348 496/263/348
f 496/263/349 498/267/349 109/175/349
f 498/267/350 108/178/350 109/175/350
f 99/265/351 499/268/351 497/266/351
f 499/268/352 500/269/352 497/266/352
f 497/266/353 500/269/353 498/267/353
f 500/269/354 501/270/354 498/267/354
f 498/267/355 501/270/355 108/178/355
f 501/270/356 107/180/356 108/178/356
f 499/268/357 503/271/357 500/269/357
f 503/271/358 504/272/358 500/269/358
f 500/269/359 504/272/359 501/270/359
f 504/272/360 505/273/360 501/270/360
f 501/270/361 505/273/361 107/180/361
f 505/273/362 106/182/362 107/180/362
f 503/271/363 508/274/363 504/272/363
f 508/274/364 509/275/364 504/272/364
f 504/272/365 509/275/365 505/273/365
f 509/275/366 510/276/366 505/273/366
f 505/273/367 510/276/367 106/182/367
f 510/276/368 105/184/368 106/182/368
f 508/274/369 514/277/369 509/275/369
f 514/277/370 515/278/370 509/275/370
f 509/275/371 515/278/371 510/276/371
f 515/278/372 516/279/372 510/276/372
f 510/276/373 516/279/373 105/184/373
f 516/279/374 104/9/374 105/184/374
f 514/277/375 29/280/375 515/278/375
f 29/280/376 28/281/376 515/278/376
f 515/278/377 28/281/377 516/279/377
f 28/281/378 27/282/378 516/279/378
f 516/279/379 27/282/379 104/9/379
f 27/282/380 2/7/380 104/9/380
f 83/201/381 96/86/381 11/18/381
f 84/200/382 517/283/382 83/201/382
f 83/201/383 517/283/383 96/86/383
f 517/283/384 95/87/384 96/86/384
f 526/284/385 92/89/385 93/91/385
f 530/285/386 531/286/386 526/284/386
f 526/284/387 531/286/387 92/89/387
f 531/286/388 91/92/388 92/89/388
f 530/285/389 536/287/389 531/286/389
f 536/287/390 537/288/390 531/286/390
f 531/286/391 537/288/391 91/92/391
f 537/288/392 90/11/392 91/92/392
f 36/289/393 35/290/393 536/287/393
f 536/287/394 35/290/394 537/288/394
f 35/290/395 34/291/395 537/288/395
f 537/288/396 34/291/396 90/11/396
f 34/291/397 6/4/397 90/11/397
f 47/292/398 82/5/398 6/4/398
f 588/293/399 589/294/399 585/295/399
f 585/295/400 589/294/400 58/257/400
f 589/294/401 57/258/401 58/257/401
f 592/296/402 593/297/402 588/293/402
f 588/293/403 593/297/403 589/294/403
f 593/297/404 594/298/404 589/294/404
f 589/294/405 594/298/405 57/258/405
f 594/298/406 56/259/406 57/258/406
f 592/296/407 598/299/407 593/297/407
f 598/299/408 599/300/408 593/297/408
f 593/297/409 599/300/409 594/298/409
f 599/300/410 600/301/410 594/298/410
f 594/298/411 600/301/411 56/259/411
f 600/301/412 55/260/412 56/259/412
f 598/299/413 15/302/413 599/300/413
f 15/302/414 14/303/414 599/300/414
f 599/300/415 14/303/415 600/301/415
f 600/301/416 13/304/416 55/260/416
f 13/304/417 3/261/417 55/260/417
f 34/291/418 47/305/418 6/4/418
f 35/290/419 601/306/419 34/291/419
f 36/289/420 602/307/420 35/290/420
f 34/291/421 601/306/421 47/305/421
f 601/306/422 46/308/422 47/305/422
f 35/290/423 602/307/423 601/306/423
f 602/307/424 603/309/424 601/306/424
f 601/306/425 603/309/425 46/308/425
f 13/310/426 33/2/426 3/1/426
f 635/311/427 636/312/427 631/313/427
f 631/313/428 636/312/428 29/280/428
f 636/312/429 28/281/429 29/280/429
f 635/311/430 641/314/430 636/312/430
f 641/314/431 642/315/431 636/312/431
f 636/312/432 642/315/432 28/281/432
f 642/315/433 27/282/433 28/281/433
f 642/315/434 26/316/434 27/282/434
f 26/316/435 2/7/435 27/282/435
usemtl Blue
f 2/7/436 26/317/436 40/318/436
f 2/7/437 40/318/437 89/8/437
f 4/319/438 61/320/438 117/321/438
f 5/322/439 75/323/439 131/324/439
f 4/319/440 117/321/440 132/325/440
f 5/322/441 131/324/441 146/326/441
f 7/327/442 159/328/442 194/329/442
f 9/330/443 173/331/443 215/332/443
f 198/333/444 226/334/444 199/335/444
f 197/23/445 229/26/445 198/333/445
f 199/335/446 226/334/446 224/336/446
f 226/334/447 227/337/447 224/336/447
f 224/336/448 227/337/448 225/338/448
f 227/337/449 228/339/449 225/338/449
f 225/338/450 228/339/450 218/340/450
f 228/339/451 219/341/451 218/340/451
f 198/333/452 229/26/452 226/334/452
f 229/26/453 230/342/453 226/334/453
f 226/334/454 230/342/454 227/337/454
f 230/342/455 231/343/455 227/337/455
f 227/337/456 231/343/456 228/339/456
f 231/343/457 232/344/457 228/339/457
f 228/339/458 232/344/458 219/341/458
f 232/344/459 220/345/459 219/341/459
f 197/23/460 233/22/460 229/26/460
f 229/26/461 234/25/461 230/342/461
f 234/25/462 235/29/462 230/342/462
f 230/342/463 235/29/463 231/343/463
f 235/29/464 236/31/464 231/343/464
f 231/343/465 236/31/465 232/344/465
f 236/31/466 237/33/466 232/344/466
f 232/344/467 237/33/467 220/345/467
f 237/33/468 221/35/468 220/345/468
f 219/346/469 247/347/469 218/348/469
f 220/349/470 250/350/470 219/346/470
f 221/44/471 254/45/471 220/349/471
f 219/346/472 250/350/472 247/347/472
f 250/350/473 251/351/473 247/347/473
f 247/347/474 251/351/474 248/352/474
f 251/351/475 252/353/475 248/352/475
f 248/352/476 252/353/476 249/354/476
f 252/353/477 253/355/477 249/354/477
f 249/354/478 253/355/478 212/356/478
f 253/355/479 213/357/479 212/356/479
f 220/349/480 254/45/480 250/350/480
f 254/45/481 255/358/481 250/350/481
f 250/350/482 255/358/482 251/351/482
f 255/358/483 256/359/483 251/351/483
f 251/351/484 256/359/484 252/353/484
f 256/359/485 257/360/485 252/353/485
f 252/353/486 257/360/486 253/355/486
f 257/360/487 258/361/487 253/355/487
f 253/355/488 258/361/488 213/357/488
f 258/361/489 214/362/489 213/357/489
f 254/45/490 260/46/490 255/358/490
f 260/46/491 261/363/491 255/358/491
f 255/358/492 261/363/492 256/359/492
f 261/363/493 262/364/493 256/359/493
f 256/359/494 262/364/494 257/360/494
f 262/364/495 263/365/495 257/360/495
f 257/360/496 263/365/496 258/361/496
f 263/365/497 264/366/497 258/361/497
f 258/361/498 264/366/498 214/362/498
f 264/366/499 215/367/499 214/362/499
f 179/47/500 178/368/500 260/46/500
f 260/46/501 178/368/501 261/363/501
f 178/368/502 177/119/502 261/363/502
f 261/363/503 177/119/503 262/364/503
f 177/119/504 176/120/504 262/364/504
f 262/364/505 176/120/505 263/365/505
f 176/120/506 175/124/506 263/365/506
f 263/365/507 175/124/507 264/366/507
f 175/124/508 174/369/508 264/366/508
f 264/366/509 174/369/509 215/367/509
f 174/369/510 9/330/510 215/367/510
f 213/370/511 271/371/511 212/372/511
f 214/373/512 275/374/512 213/370/512
f 215/332/513 280/375/513 214/373/513
f 270/376/514 205/377/514 204/378/514
f 212/372/515 271/371/515 268/379/515
f 271/371/516 272/380/516 268/379/516
f 268/379/517 272/380/517 269/381/517
f 272/380/518 273/382/518 269/381/518
f 269/381/519 273/382/519 270/376/519
f 273/382/520 274/383/520 270/376/520
f 270/376/521 274/383/521 205/377/521
f 274/383/522 206/384/522 205/377/522
f 213/370/523 275/374/523 271/371/523
f 275/374/524 276/385/524 271/371/524
f 271/371/525 276/385/525 272/380/525
f 276/385/526 277/386/526 272/380/526
f 272/380/527 277/386/527 273/382/527
f 277/386/528 278/387/528 273/382/528
f 273/382/529 278/387/529 274/383/529
f 278/387/530 279/50/530 274/383/530
f 274/383/531 279/50/531 206/384/531
f 279/50/532 207/51/532 206/384/532
f 214/373/533 280/375/533 275/374/533
f 280/375/534 281/55/534 275/374/534
f 275/374/535 281/55/535 276/385/535
f 281/55/536 282/56/536 276/385/536
f 276/385/537 282/56/537 277/386/537
f 282/56/538 283/58/538 277/386/538
f 277/386/539 283/58/539 278/387/539
f 283/58/540 284/48/540 278/387/540
f 278/387/541 284/48/541 279/50/541
f 215/332/542 173/331/542 280/375/542
f 173/331/543 172/53/543 280/375/543
f 280/375/544 172/53/544 281/55/544
f 205/388/545 289/389/545 204/390/545
f 206/391/546 292/392/546 205/388/546
f 207/64/547 296/393/547 206/391/547
f 291/394/548 191/395/548 190/396/548
f 205/388/549 292/392/549 289/389/549
f 292/392/550 293/397/550 289/389/550
f 289/389/551 293/397/551 290/398/551
f 293/397/552 294/399/552 290/398/552
f 290/398/553 294/399/553 291/394/553
f 294/399/554 295/400/554 291/394/554
f 291/394/555 295/400/555 191/395/555
f 295/400/556 192/401/556 191/395/556
f 206/391/557 296/393/557 292/392/557
f 296/393/558 297/402/558 292/392/558
f 292/392/559 297/402/559 293/397/559
f 297/402/560 298/403/560 293/397/560
f 293/397/561 298/403/561 294/399/561
f 298/403/562 299/404/562 294/399/562
f 294/399/563 299/404/563 295/400/563
f 299/404/564 300/405/564 295/400/564
f 295/400/565 300/405/565 192/401/565
f 300/405/566 193/406/566 192/401/566
f 207/64/567 301/63/567 296/393/567
f 301/63/568 302/66/568 296/393/568
f 296/393/569 302/66/569 297/402/569
f 302/66/570 303/407/570 297/402/570
f 297/402/571 303/407/571 298/403/571
f 303/407/572 304/408/572 298/403/572
f 298/403/573 304/408/573 299/404/573
f 304/408/574 305/409/574 299/404/574
f 299/404/575 305/409/575 300/405/575
f 305/409/576 306/410/576 300/405/576
f 300/405/577 306/410/577 193/406/577
f 306/410/578 194/411/578 193/406/578
f 302/66/579 164/67/579 303/407/579
f 164/67/580 163/166/580 303/407/580
f 303/407/581 163/166/581 304/408/581
f 163/166/582 162/171/582 304/408/582
f 304/408/583 162/171/583 305/409/583
f 162/171/584 161/412/584 305/409/584
f 305/409/585 161/412/585 306/410/585
f 161/412/586 160/413/586 306/410/586
f 306/410/587 160/413/587 194/411/587
f 160/413/588 7/327/588 194/411/588
f 191/414/589 310/415/589 190/416/589
f 192/417/590 313/418/590 191/414/590
f 193/419/591 317/420/591 192/417/591
f 194/329/592 322/421/592 193/419/592
f 190/416/593 310/415/593 308/422/593
f 310/415/594 311/423/594 308/422/594
f 308/422/595 311/423/595 309/424/595
f 311/423/596 312/425/596 309/424/596
f 309/424/597 312/425/597 199/426/597
f 312/425/598 198/427/598 199/426/598
f 191/414/599 313/418/599 310/415/599
f 313/418/600 314/428/600 310/415/600
f 310/415/601 314/428/601 311/423/601
f 314/428/602 315/429/602 311/423/602
f 311/423/603 315/429/603 312/425/603
f 315/429/604 316/70/604 312/425/604
f 312/425/605 316/70/605 198/427/605
f 316/70/606 197/71/606 198/427/606
f 192/417/607 317/420/607 313/418/607
f 317/420/608 318/75/608 313/418/608
f 313/418/609 318/75/609 314/428/609
f 318/75/610 319/76/610 314/428/610
f 314/428/611 319/76/611 315/429/611
f 319/76/612 320/68/612 315/429/612
f 315/429/613 320/68/613 316/70/613
f 193/419/614 322/421/614 317/420/614
f 322/421/615 323/73/615 317/420/615
f 317/420/616 323/73/616 318/75/616
f 319/76/617 325/77/617 320/68/617
f 194/329/618 159/328/618 322/421/618
f 159/328/619 158/430/619 322/421/619
f 322/421/620 158/430/620 323/73/620
f 158/430/621 157/81/621 323/73/621
f 156/82/622 155/83/622 325/77/622
f 94/431/623 329/95/623 95/87/623
f 93/91/624 331/97/624 94/431/624
f 94/431/625 331/97/625 329/95/625
f 345/108/626 346/432/626 340/104/626
f 340/104/627 346/432/627 341/105/627
f 346/432/628 347/109/628 341/105/628
f 143/112/629 142/204/629 345/108/629
f 345/108/630 142/204/630 346/432/630
f 142/204/631 141/202/631 346/432/631
f 346/432/632 141/202/632 347/109/632
f 141/202/633 140/113/633 347/109/633
f 151/209/634 349/433/634 152/115/634
f 150/210/635 350/434/635 151/209/635
f 149/213/636 352/435/636 150/210/636
f 148/436/637 355/437/637 149/213/637
f 147/438/638 359/439/638 148/436/638
f 146/326/639 364/440/639 147/438/639
f 152/115/640 349/433/640 180/16/640
f 349/433/641 179/47/641 180/16/641
f 151/209/642 350/434/642 349/433/642
f 350/434/643 351/441/643 349/433/643
f 349/433/644 351/441/644 179/47/644
f 351/441/645 178/368/645 179/47/645
f 150/210/646 352/435/646 350/434/646
f 352/435/647 353/442/647 350/434/647
f 350/434/648 353/442/648 351/441/648
f 353/442/649 354/118/649 351/441/649
f 351/441/650 354/118/650 178/368/650
f 354/118/651 177/119/651 178/368/651
f 149/213/652 355/437/652 352/435/652
f 355/437/653 356/443/653 352/435/653
f 352/435/654 356/443/654 353/442/654
f 356/443/655 357/116/655 353/442/655
f 353/442/656 357/116/656 354/118/656
f 148/436/657 359/439/657 355/437/657
f 359/439/658 360/444/658 355/437/658
f 355/437/659 360/444/659 356/443/659
f 360/444/660 361/121/660 356/443/660
f 356/443/661 361/121/661 357/116/661
f 147/438/662 364/440/662 359/439/662
f 364/440/663 365/445/663 359/439/663
f 359/439/664 365/445/664 360/444/664
f 365/445/665 366/446/665 360/444/665
f 360/444/666 366/446/666 361/121/666
f 366/446/667 367/125/667 361/121/667
f 369/127/668 174/369/668 175/124/668
f 146/326/669 131/324/669 364/440/669
f 131/324/670 130/447/670 364/440/670
f 364/440/671 130/447/671 365/445/671
f 130/447/672 129/448/672 365/445/672
f 365/445/673 129/448/673 366/446/673
f 129/448/674 128/449/674 366/446/674
f 366/446/675 128/449/675 367/125/675
f 128/449/676 127/128/676 367/125/676
f 126/129/677 125/450/677 369/127/677
f 369/127/678 125/450/678 174/369/678
f 125/450/679 9/330/679 174/369/679
f 138/451/680 173/331/680 9/330/680
f 137/452/681 370/132/681 138/451/681
f 136/228/682 371/130/682 137/452/682
f 135/229/683 373/133/683 136/228/683
f 134/453/684 376/136/684 135/229/684
f 133/454/685 380/455/685 134/453/685
f 132/325/686 385/456/686 133/454/686
f 138/451/687 370/132/687 173/331/687
f 370/132/688 172/53/688 173/331/688
f 137/452/689 371/130/689 370/132/689
f 136/228/690 373/133/690 371/130/690
f 135/229/691 376/136/691 373/133/691
f 134/453/692 380/455/692 376/136/692
f 380/455/693 381/140/693 376/136/693
f 133/454/694 385/456/694 380/455/694
f 385/456/695 386/457/695 380/455/695
f 380/455/696 386/457/696 381/140/696
f 386/457/697 387/144/697 381/140/697
f 132/325/698 117/321/698 385/456/698
f 117/321/699 116/458/699 385/456/699
f 385/456/700 116/458/700 386/457/700
f 116/458/701 115/459/701 386/457/701
f 386/457/702 115/459/702 387/144/702
f 115/459/703 114/148/703 387/144/703
f 120/161/704 397/167/704 121/157/704
f 120/161/705 401/160/705 397/167/705
f 401/160/706 402/460/706 397/167/706
f 397/167/707 402/460/707 398/168/707
f 402/460/708 403/172/708 398/168/708
f 405/174/709 161/412/709 162/171/709
f 406/162/710 407/461/710 401/160/710
f 401/160/711 407/461/711 402/460/711
f 407/461/712 408/462/712 402/460/712
f 402/460/713 408/462/713 403/172/713
f 408/462/714 409/463/714 403/172/714
f 403/172/715 409/463/715 404/173/715
f 409/463/716 410/464/716 404/173/716
f 404/173/717 410/464/717 405/174/717
f 410/464/718 411/465/718 405/174/718
f 405/174/719 411/465/719 161/412/719
f 411/465/720 160/413/720 161/412/720
f 103/3/721 102/466/721 406/162/721
f 406/162/722 102/466/722 407/461/722
f 102/466/723 101/467/723 407/461/723
f 407/461/724 101/467/724 408/462/724
f 101/467/725 100/468/725 408/462/725
f 408/462/726 100/468/726 409/463/726
f 100/468/727 99/265/727 409/463/727
f 409/463/728 99/265/728 410/464/728
f 99/265/729 98/262/729 410/464/729
f 410/464/730 98/262/730 411/465/730
f 98/262/731 97/264/731 411/465/731
f 411/465/732 97/264/732 160/413/732
f 97/264/733 7/327/733 160/413/733
f 110/177/734 159/328/734 7/327/734
f 110/177/735 412/176/735 159/328/735
f 412/176/736 158/430/736 159/328/736
f 412/176/737 414/187/737 158/430/737
f 414/187/738 157/81/738 158/430/738
f 414/187/739 417/189/739 157/81/739
f 417/189/740 156/82/740 157/81/740
f 420/191/741 421/195/741 417/189/741
f 417/189/742 421/195/742 156/82/742
f 421/195/743 155/83/743 156/82/743
f 423/192/744 424/469/744 419/190/744
f 419/190/745 424/469/745 420/191/745
f 424/469/746 425/193/746 420/191/746
f 420/191/747 425/193/747 421/195/747
f 428/196/748 429/470/748 423/192/748
f 423/192/749 429/470/749 424/469/749
f 429/470/750 430/471/750 424/469/750
f 424/469/751 430/471/751 425/193/751
f 430/471/752 431/197/752 425/193/752
f 88/199/753 87/472/753 428/196/753
f 428/196/754 87/472/754 429/470/754
f 87/472/755 86/473/755 429/470/755
f 429/470/756 86/473/756 430/471/756
f 86/473/757 85/474/757 430/471/757
f 430/471/758 85/474/758 431/197/758
f 85/474/759 84/200/759 431/197/759
f 140/113/760 433/207/760 139/114/760
f 143/112/761 439/214/761 142/204/761
f 144/111/762 443/475/762 143/112/762
f 139/114/763 433/207/763 152/115/763
f 433/207/764 151/209/764 152/115/764
f 442/217/765 148/436/765 149/213/765
f 143/112/766 443/475/766 439/214/766
f 443/475/767 444/218/767 439/214/767
f 446/220/768 447/476/768 442/217/768
f 442/217/769 447/476/769 148/436/769
f 447/476/770 147/438/770 148/436/770
f 144/111/771 448/206/771 443/475/771
f 448/206/772 449/477/772 443/475/772
f 443/475/773 449/477/773 444/218/773
f 449/477/774 450/221/774 444/218/774
f 451/222/775 452/478/775 446/220/775
f 446/220/776 452/478/776 447/476/776
f 452/478/777 453/479/777 447/476/777
f 447/476/778 453/479/778 147/438/778
f 453/479/779 146/326/779 147/438/779
f 82/5/780 81/480/780 448/206/780
f 448/206/781 81/480/781 449/477/781
f 81/480/782 80/481/782 449/477/782
f 449/477/783 80/481/783 450/221/783
f 80/481/784 79/482/784 450/221/784
f 450/221/785 79/482/785 451/222/785
f 79/482/786 78/483/786 451/222/786
f 451/222/787 78/483/787 452/478/787
f 78/483/788 77/484/788 452/478/788
f 452/478/789 77/484/789 453/479/789
f 77/484/790 76/485/790 453/479/790
f 453/479/791 76/485/791 146/326/791
f 76/485/792 5/322/792 146/326/792
f 125/450/793 138/451/793 9/330/793
f 126/129/794 454/486/794 125/450/794
f 127/128/795 455/225/795 126/129/795
f 128/449/796 457/223/796 127/128/796
f 129/448/797 460/487/797 128/449/797
f 130/447/798 464/488/798 129/448/798
f 131/324/799 469/489/799 130/447/799
f 125/450/800 454/486/800 138/451/800
f 454/486/801 137/452/801 138/451/801
f 126/129/802 455/225/802 454/486/802
f 455/225/803 456/226/803 454/486/803
f 454/486/804 456/226/804 137/452/804
f 456/226/805 136/228/805 137/452/805
f 127/128/806 457/223/806 455/225/806
f 128/449/807 460/487/807 457/223/807
f 460/487/808 461/230/808 457/223/808
f 463/232/809 134/453/809 135/229/809
f 129/448/810 464/488/810 460/487/810
f 464/488/811 465/490/811 460/487/811
f 460/487/812 465/490/812 461/230/812
f 465/490/813 466/233/813 461/230/813
f 467/234/814 468/491/814 463/232/814
f 463/232/815 468/491/815 134/453/815
f 468/491/816 133/454/816 134/453/816
f 130/447/817 469/489/817 464/488/817
f 469/489/818 470/492/818 464/488/818
f 464/488/819 470/492/819 465/490/819
f 470/492/820 471/493/820 465/490/820
f 465/490/821 471/493/821 466/233/821
f 471/493/822 472/494/822 466/233/822
f 466/233/823 472/494/823 467/234/823
f 472/494/824 473/495/824 467/234/824
f 467/234/825 473/495/825 468/491/825
f 473/495/826 474/496/826 468/491/826
f 468/491/827 474/496/827 133/454/827
f 474/496/828 132/325/828 133/454/828
f 131/324/829 75/323/829 469/489/829
f 75/323/830 74/497/830 469/489/830
f 469/489/831 74/497/831 470/492/831
f 74/497/832 73/498/832 470/492/832
f 470/492/833 73/498/833 471/493/833
f 73/498/834 72/499/834 471/493/834
f 471/493/835 72/499/835 472/494/835
f 72/499/836 71/500/836 472/494/836
f 472/494/837 71/500/837 473/495/837
f 71/500/838 70/501/838 473/495/838
f 473/495/839 70/501/839 474/496/839
f 70/501/840 69/502/840 474/496/840
f 474/496/841 69/502/841 132/325/841
f 69/502/842 4/319/842 132/325/842
f 115/459/843 481/503/843 114/148/843
f 116/458/844 485/504/844 115/459/844
f 117/321/845 490/505/845 116/458/845
f 114/148/846 481/503/846 478/238/846
f 481/503/847 482/245/847 478/238/847
f 478/238/848 482/245/848 479/242/848
f 484/247/849 120/251/849 121/244/849
f 115/459/850 485/504/850 481/503/850
f 485/504/851 486/506/851 481/503/851
f 481/503/852 486/506/852 482/245/852
f 486/506/853 487/248/853 482/245/853
f 116/458/854 490/505/854 485/504/854
f 490/505/855 491/507/855 485/504/855
f 485/504/856 491/507/856 486/506/856
f 491/507/857 492/508/857 486/506/857
f 486/506/858 492/508/858 487/248/858
f 492/508/859 493/253/859 487/248/859
f 117/321/860 61/320/860 490/505/860
f 61/320/861 60/509/861 490/505/861
f 490/505/862 60/509/862 491/507/862
f 60/509/863 59/510/863 491/507/863
f 491/507/864 59/510/864 492/508/864
f 59/510/865 58/257/865 492/508/865
f 492/508/866 58/257/866 493/253/866
f 97/264/867 110/177/867 7/327/867
f 100/468/868 499/268/868 99/265/868
f 101/467/869 502/511/869 100/468/869
f 102/466/870 506/512/870 101/467/870
f 103/3/871 511/513/871 102/466/871
f 100/468/872 502/511/872 499/268/872
f 502/511/873 503/271/873 499/268/873
f 101/467/874 506/512/874 502/511/874
f 506/512/875 507/514/875 502/511/875
f 502/511/876 507/514/876 503/271/876
f 507/514/877 508/274/877 503/271/877
f 102/466/878 511/513/878 506/512/878
f 511/513/879 512/515/879 506/512/879
f 506/512/880 512/515/880 507/514/880
f 512/515/881 513/516/881 507/514/881
f 507/514/882 513/516/882 508/274/882
f 513/516/883 514/277/883 508/274/883
f 103/3/884 33/2/884 511/513/884
f 33/2/885 32/517/885 511/513/885
f 511/513/886 32/517/886 512/515/886
f 32/517/887 31/518/887 512/515/887
f 512/515/888 31/518/888 513/516/888
f 31/518/889 30/519/889 513/516/889
f 513/516/890 30/519/890 514/277/890
f 30/519/891 29/280/891 514/277/891
f 85/474/892 518/520/892 84/200/892
f 86/473/893 520/521/893 85/474/893
f 87/472/894 523/522/894 86/473/894
f 88/199/895 527/523/895 87/472/895
f 89/8/896 532/524/896 88/199/896
f 84/200/897 518/520/897 517/283/897
f 518/520/898 519/525/898 517/283/898
f 517/283/899 519/525/899 95/87/899
f 519/525/900 94/431/900 95/87/900
f 85/474/901 520/521/901 518/520/901
f 520/521/902 521/526/902 518/520/902
f 518/520/903 521/526/903 519/525/903
f 521/526/904 522/527/904 519/525/904
f 519/525/905 522/527/905 94/431/905
f 522/527/906 93/91/906 94/431/906
f 86/473/907 523/522/907 520/521/907
f 523/522/908 524/528/908 520/521/908
f 520/521/909 524/528/909 521/526/909
f 524/528/910 525/529/910 521/526/910
f 521/526/911 525/529/911 522/527/911
f 525/529/912 526/284/912 522/527/912
f 522/527/913 526/284/913 93/91/913
f 87/472/914 527/523/914 523/522/914
f 527/523/915 528/530/915 523/522/915
f 523/522/916 528/530/916 524/528/916
f 528/530/917 529/531/917 524/528/917
f 524/528/918 529/531/918 525/529/918
f 529/531/919 530/285/919 525/529/919
f 525/529/920 530/285/920 526/284/920
f 88/199/921 532/524/921 527/523/921
f 532/524/922 533/532/922 527/523/922
f 527/523/923 533/532/923 528/530/923
f 533/532/924 534/533/924 528/530/924
f 528/530/925 534/533/925 529/531/925
f 534/533/926 535/534/926 529/531/926
f 529/531/927 535/534/927 530/285/927
f 535/534/928 536/287/928 530/285/928
f 89/8/929 40/318/929 532/524/929
f 40/318/930 39/535/930 532/524/930
f 532/524/931 39/535/931 533/532/931
f 39/535/932 38/536/932 533/532/932
f 533/532/933 38/536/933 534/533/933
f 38/536/934 37/537/934 534/533/934
f 534/533/935 37/537/935 535/534/935
f 37/537/936 36/289/936 535/534/936
f 535/534/937 36/289/937 536/287/937
f 46/538/938 538/539/938 47/292/938
f 45/540/939 539/541/939 46/538/939
f 44/542/940 541/543/940 45/540/940
f 43/544/941 544/545/941 44/542/941
f 47/292/942 538/539/942 82/5/942
f 538/539/943 81/480/943 82/5/943
f 46/538/944 539/541/944 538/539/944
f 539/541/945 540/546/945 538/539/945
f 538/539/946 540/546/946 81/480/946
f 540/546/947 80/481/947 81/480/947
f 45/540/948 541/543/948 539/541/948
f 541/543/949 542/547/949 539/541/949
f 539/541/950 542/547/950 540/546/950
f 542/547/951 543/548/951 540/546/951
f 540/546/952 543/548/952 80/481/952
f 543/548/953 79/482/953 80/481/953
f 44/542/954 544/545/954 541/543/954
f 544/545/955 545/549/955 541/543/955
f 541/543/956 545/549/956 542/547/956
f 545/549/957 546/550/957 542/547/957
f 542/547/958 546/550/958 543/548/958
f 546/550/959 547/551/959 543/548/959
f 543/548/960 547/551/960 79/482/960
f 547/551/961 78/483/961 79/482/961
f 544/545/962 549/552/962 545/549/962
f 549/552/963 550/553/963 545/549/963
f 545/549/964 550/553/964 546/550/964
f 550/553/965 551/554/965 546/550/965
f 546/550/966 551/554/966 547/551/966
f 551/554/967 552/555/967 547/551/967
f 547/551/968 552/555/968 78/483/968
f 552/555/969 77/484/969 78/483/969
f 550/553/970 556/556/970 551/554/970
f 556/556/971 557/557/971 551/554/971
f 551/554/972 557/557/972 552/555/972
f 557/557/973 558/558/973 552/555/973
f 552/555/974 558/558/974 77/484/974
f 558/558/975 76/485/975 77/484/975
f 556/556/976 64/559/976 557/557/976
f 64/559/977 63/560/977 557/557/977
f 557/557/978 63/560/978 558/558/978
f 63/560/979 62/561/979 558/558/979
f 558/558/980 62/561/980 76/485/980
f 62/561/981 5/322/981 76/485/981
f 62/562/982 75/323/982 5/322/982
f 63/563/983 559/564/983 62/562/983
f 64/565/984 560/566/984 63/563/984
f 62/562/985 559/564/985 75/323/985
f 559/564/986 74/497/986 75/323/986
f 63/563/987 560/566/987 559/564/987
f 560/566/988 561/567/988 559/564/988
f 559/564/989 561/567/989 74/497/989
f 561/567/990 73/498/990 74/497/990
f 64/565/991 562/568/991 560/566/991
f 562/568/992 563/569/992 560/566/992
f 560/566/993 563/569/993 561/567/993
f 563/569/994 564/570/994 561/567/994
f 561/567/995 564/570/995 73/498/995
f 564/570/996 72/499/996 73/498/996
f 562/568/997 566/571/997 563/569/997
f 566/571/998 567/572/998 563/569/998
f 563/569/999 567/572/999 564/570/999
f 567/572/1000 568/573/1000 564/570/1000
f 564/570/1001 568/573/1001 72/499/1001
f 568/573/1002 71/500/1002 72/499/1002
f 566/571/1003 571/574/1003 567/572/1003
f 571/574/1004 572/575/1004 567/572/1004
f 567/572/1005 572/575/1005 568/573/1005
f 572/575/1006 573/576/1006 568/573/1006
f 568/573/1007 573/576/1007 71/500/1007
f 573/576/1008 70/501/1008 71/500/1008
f 576/577/1009 577/578/1009 571/574/1009
f 571/574/1010 577/578/1010 572/575/1010
f 577/578/1011 578/579/1011 572/575/1011
f 572/575/1012 578/579/1012 573/576/1012
f 578/579/1013 579/580/1013 573/576/1013
f 573/576/1014 579/580/1014 70/501/1014
f 579/580/1015 69/502/1015 70/501/1015
f 52/581/1016 51/582/1016 576/577/1016
f 576/577/1017 51/582/1017 577/578/1017
f 51/582/1018 50/583/1018 577/578/1018
f 577/578/1019 50/583/1019 578/579/1019
f 50/583/1020 49/584/1020 578/579/1020
f 578/579/1021 49/584/1021 579/580/1021
f 49/584/1022 48/585/1022 579/580/1022
f 579/580/1023 48/585/1023 69/502/1023
f 48/585/1024 4/319/1024 69/502/1024
f 48/586/1025 61/320/1025 4/319/1025
f 49/587/1026 580/588/1026 48/586/1026
f 50/589/1027 581/590/1027 49/587/1027
f 51/591/1028 583/592/1028 50/589/1028
f 52/593/1029 586/594/1029 51/591/1029
f 48/586/1030 580/588/1030 61/320/1030
f 580/588/1031 60/509/1031 61/320/1031
f 49/587/1032 581/590/1032 580/588/1032
f 581/590/1033 582/595/1033 580/588/1033
f 580/588/1034 582/595/1034 60/509/1034
f 582/595/1035 59/510/1035 60/509/1035
f 50/589/1036 583/592/1036 581/590/1036
f 583/592/1037 584/596/1037 581/590/1037
f 581/590/1038 584/596/1038 582/595/1038
f 584/596/1039 585/295/1039 582/595/1039
f 582/595/1040 585/295/1040 59/510/1040
f 585/295/1041 58/257/1041 59/510/1041
f 51/591/1042 586/594/1042 583/592/1042
f 586/594/1043 587/597/1043 583/592/1043
f 583/592/1044 587/597/1044 584/596/1044
f 587/597/1045 588/293/1045 584/596/1045
f 584/596/1046 588/293/1046 585/295/1046
f 52/593/1047 590/598/1047 586/594/1047
f 590/598/1048 591/599/1048 586/594/1048
f 586/594/1049 591/599/1049 587/597/1049
f 591/599/1050 592/296/1050 587/597/1050
f 587/597/1051 592/296/1051 588/293/1051
f 590/598/1052 596/600/1052 591/599/1052
f 596/600/1053 597/601/1053 591/599/1053
f 591/599/1054 597/601/1054 592/296/1054
f 597/601/1055 598/299/1055 592/296/1055
f 596/600/1056 17/602/1056 597/601/1056
f 17/602/1057 16/603/1057 597/601/1057
f 597/601/1058 16/603/1058 598/299/1058
f 16/603/1059 15/302/1059 598/299/1059
f 14/303/1060 13/304/1060 600/301/1060
f 37/537/1061 604/604/1061 36/289/1061
f 38/536/1062 607/605/1062 37/537/1062
f 39/535/1063 611/606/1063 38/536/1063
f 40/318/1064 616/607/1064 39/535/1064
f 603/309/1065 45/608/1065 46/308/1065
f 36/289/1066 604/604/1066 602/307/1066
f 604/604/1067 605/609/1067 602/307/1067
f 602/307/1068 605/609/1068 603/309/1068
f 605/609/1069 606/610/1069 603/309/1069
f 603/309/1070 606/610/1070 45/608/1070
f 606/610/1071 44/611/1071 45/608/1071
f 37/537/1072 607/605/1072 604/604/1072
f 607/605/1073 608/612/1073 604/604/1073
f 604/604/1074 608/612/1074 605/609/1074
f 608/612/1075 609/613/1075 605/609/1075
f 605/609/1076 609/613/1076 606/610/1076
f 609/613/1077 610/614/1077 606/610/1077
f 606/610/1078 610/614/1078 44/611/1078
f 610/614/1079 43/615/1079 44/611/1079
f 38/536/1080 611/606/1080 607/605/1080
f 611/606/1081 612/616/1081 607/605/1081
f 607/605/1082 612/616/1082 608/612/1082
f 612/616/1083 613/617/1083 608/612/1083
f 608/612/1084 613/617/1084 609/613/1084
f 613/617/1085 614/618/1085 609/613/1085
f 609/613/1086 614/618/1086 610/614/1086
f 39/535/1087 616/607/1087 611/606/1087
f 616/607/1088 617/619/1088 611/606/1088
f 611/606/1089 617/619/1089 612/616/1089
f 617/619/1090 618/620/1090 612/616/1090
f 612/616/1091 618/620/1091 613/617/1091
f 618/620/1092 619/621/1092 613/617/1092
f 613/617/1093 619/621/1093 614/618/1093
f 619/621/1094 620/622/1094 614/618/1094
f 40/318/1095 26/317/1095 616/607/1095
f 26/317/1096 25/623/1096 616/607/1096
f 616/607/1097 25/623/1097 617/619/1097
f 25/623/1098 24/624/1098 617/619/1098
f 617/619/1099 24/624/1099 618/620/1099
f 24/624/1100 23/625/1100 618/620/1100
f 618/620/1101 23/625/1101 619/621/1101
f 23/625/1102 22/626/1102 619/621/1102
f 619/621/1103 22/626/1103 620/622/1103
f 14/627/1104 622/628/1104 13/310/1104
f 15/629/1105 623/630/1105 14/627/1105
f 16/631/1106 625/632/1106 15/629/1106
f 17/633/1107 628/634/1107 16/631/1107
f 13/310/1108 622/628/1108 33/2/1108
f 622/628/1109 32/517/1109 33/2/1109
f 14/627/1110 623/630/1110 622/628/1110
f 623/630/1111 624/635/1111 622/628/1111
f 622/628/1112 624/635/1112 32/517/1112
f 624/635/1113 31/518/1113 32/517/1113
f 15/629/1114 625/632/1114 623/630/1114
f 625/632/1115 626/636/1115 623/630/1115
f 623/630/1116 626/636/1116 624/635/1116
f 626/636/1117 627/637/1117 624/635/1117
f 624/635/1118 627/637/1118 31/518/1118
f 627/637/1119 30/519/1119 31/518/1119
f 16/631/1120 628/634/1120 625/632/1120
f 628/634/1121 629/638/1121 625/632/1121
f 625/632/1122 629/638/1122 626/636/1122
f 629/638/1123 630/639/1123 626/636/1123
f 626/636/1124 630/639/1124 627/637/1124
f 630/639/1125 631/313/1125 627/637/1125
f 627/637/1126 631/313/1126 30/519/1126
f 631/313/1127 29/280/1127 30/519/1127
f 17/633/1128 632/640/1128 628/634/1128
f 632/640/1129 633/641/1129 628/634/1129
f 628/634/1130 633/641/1130 629/638/1130
f 633/641/1131 634/642/1131 629/638/1131
f 629/638/1132 634/642/1132 630/639/1132
f 634/642/1133 635/311/1133 630/639/1133
f 630/639/1134 635/311/1134 631/313/1134
f 632/640/1135 638/643/1135 633/641/1135
f 638/643/1136 639/644/1136 633/641/1136
f 633/641/1137 639/644/1137 634/642/1137
f 639/644/1138 640/645/1138 634/642/1138
f 634/642/1139 640/645/1139 635/311/1139
f 640/645/1140 641/314/1140 635/311/1140
f 638/643/1141 22/646/1141 639/644/1141
f 22/646/1142 23/647/1142 639/644/1142
f 639/644/1143 23/647/1143 640/645/1143
f 23/647/1144 24/648/1144 640/645/1144
f 640/645/1145 24/648/1145 641/314/1145
f 24/648/1146 25/649/1146 641/314/1146
f 641/314/1147 25/649/1147 642/315/1147
f 25/649/1148 26/316/1148 642/315/1148
usemtl White
f 1/650/1149 20/651/1149 19/652/1149
f 1/653/1150 19/654/1150 54/655/1150
f 1/656/1151 54/657/1151 68/658/1151
f 1/659/1152 68/660/1152 41/661/1152
f 201/662/1153 216/663/1153 12/664/1153
f 200/665/1154 223/666/1154 201/662/1154
f 199/335/1155 224/336/1155 200/665/1155
f 201/662/1156 223/666/1156 216/663/1156
f 223/666/1157 217/667/1157 216/663/1157
f 200/665/1158 224/336/1158 223/666/1158
f 224/336/1159 225/338/1159 223/666/1159
f 223/666/1160 225/338/1160 217/667/1160
f 225/338/1161 218/340/1161 217/667/1161
f 216/668/1162 209/669/1162 12/670/1162
f 217/671/1163 244/672/1163 216/668/1163
f 218/348/1164 245/673/1164 217/671/1164
f 216/668/1165 244/672/1165 209/669/1165
f 244/672/1166 210/674/1166 209/669/1166
f 217/671/1167 245/673/1167 244/672/1167
f 245/673/1168 246/675/1168 244/672/1168
f 244/672/1169 246/675/1169 210/674/1169
f 246/675/1170 211/676/1170 210/674/1170
f 218/348/1171 247/347/1171 245/673/1171
f 247/347/1172 248/352/1172 245/673/1172
f 245/673/1173 248/352/1173 246/675/1173
f 248/352/1174 249/354/1174 246/675/1174
f 246/675/1175 249/354/1175 211/676/1175
f 249/354/1176 212/356/1176 211/676/1176
f 209/677/1177 202/678/1177 12/679/1177
f 210/680/1178 265/681/1178 209/677/1178
f 211/682/1179 266/683/1179 210/680/1179
f 212/372/1180 268/379/1180 211/682/1180
f 209/677/1181 265/681/1181 202/678/1181
f 265/681/1182 203/684/1182 202/678/1182
f 210/680/1183 266/683/1183 265/681/1183
f 266/683/1184 267/685/1184 265/681/1184
f 265/681/1185 267/685/1185 203/684/1185
f 267/685/1186 204/378/1186 203/684/1186
f 211/682/1187 268/379/1187 266/683/1187
f 268/379/1188 269/381/1188 266/683/1188
f 266/683/1189 269/381/1189 267/685/1189
f 269/381/1190 270/376/1190 267/685/1190
f 267/685/1191 270/376/1191 204/378/1191
f 202/686/1192 188/687/1192 12/688/1192
f 203/689/1193 286/690/1193 202/686/1193
f 204/390/1194 287/691/1194 203/689/1194
f 202/686/1195 286/690/1195 188/687/1195
f 286/690/1196 189/692/1196 188/687/1196
f 203/689/1197 287/691/1197 286/690/1197
f 287/691/1198 288/693/1198 286/690/1198
f 286/690/1199 288/693/1199 189/692/1199
f 288/693/1200 190/396/1200 189/692/1200
f 204/390/1201 289/389/1201 287/691/1201
f 289/389/1202 290/398/1202 287/691/1202
f 287/691/1203 290/398/1203 288/693/1203
f 290/398/1204 291/394/1204 288/693/1204
f 288/693/1205 291/394/1205 190/396/1205
f 188/694/1206 201/695/1206 12/696/1206
f 189/697/1207 307/698/1207 188/694/1207
f 190/416/1208 308/422/1208 189/697/1208
f 188/694/1209 307/698/1209 201/695/1209
f 307/698/1210 200/699/1210 201/695/1210
f 189/697/1211 308/422/1211 307/698/1211
f 308/422/1212 309/424/1212 307/698/1212
f 307/698/1213 309/424/1213 200/699/1213
f 309/424/1214 199/426/1214 200/699/1214
f 42/700/1215 548/701/1215 43/544/1215
f 41/661/1216 553/702/1216 42/700/1216
f 43/544/1217 548/701/1217 544/545/1217
f 548/701/1218 549/552/1218 544/545/1218
f 42/700/1219 553/702/1219 548/701/1219
f 553/702/1220 554/703/1220 548/701/1220
f 548/701/1221 554/703/1221 549/552/1221
f 554/703/1222 555/704/1222 549/552/1222
f 549/552/1223 555/704/1223 550/553/1223
f 555/704/1224 556/556/1224 550/553/1224
f 41/661/1225 68/660/1225 553/702/1225
f 68/660/1226 67/705/1226 553/702/1226
f 553/702/1227 67/705/1227 554/703/1227
f 67/705/1228 66/706/1228 554/703/1228
f 554/703/1229 66/706/1229 555/704/1229
f 66/706/1230 65/707/1230 555/704/1230
f 555/704/1231 65/707/1231 556/556/1231
f 65/707/1232 64/559/1232 556/556/1232
f 65/708/1233 562/568/1233 64/565/1233
f 66/709/1234 565/710/1234 65/708/1234
f 67/711/1235 569/712/1235 66/709/1235
f 68/658/1236 574/713/1236 67/711/1236
f 65/708/1237 565/710/1237 562/568/1237
f 565/710/1238 566/571/1238 562/568/1238
f 66/709/1239 569/712/1239 565/710/1239
f 569/712/1240 570/714/1240 565/710/1240
f 565/710/1241 570/714/1241 566/571/1241
f 570/714/1242 571/574/1242 566/571/1242
f 67/711/1243 574/713/1243 569/712/1243
f 574/713/1244 575/715/1244 569/712/1244
f 569/712/1245 575/715/1245 570/714/1245
f 575/715/1246 576/577/1246 570/714/1246
f 570/714/1247 576/577/1247 571/574/1247
f 68/658/1248 54/657/1248 574/713/1248
f 54/657/1249 53/716/1249 574/713/1249
f 574/713/1250 53/716/1250 575/715/1250
f 53/716/1251 52/581/1251 575/715/1251
f 575/715/1252 52/581/1252 576/577/1252
f 53/717/1253 590/598/1253 52/593/1253
f 54/655/1254 595/718/1254 53/717/1254
f 53/717/1255 595/718/1255 590/598/1255
f 595/718/1256 596/600/1256 590/598/1256
f 54/655/1257 19/654/1257 595/718/1257
f 19/654/1258 18/719/1258 595/718/1258
f 595/718/1259 18/719/1259 596/600/1259
f 18/719/1260 17/602/1260 596/600/1260
f 614/618/1261 615/720/1261 610/614/1261
f 610/614/1262 615/720/1262 43/615/1262
f 615/720/1263 42/721/1263 43/615/1263
f 614/618/1264 620/622/1264 615/720/1264
f 620/622/1265 621/722/1265 615/720/1265
f 615/720/1266 621/722/1266 42/721/1266
f 621/722/1267 41/723/1267 42/721/1267
f 22/626/1268 21/724/1268 620/622/1268
f 620/622/1269 21/724/1269 621/722/1269
f 21/724/1270 20/725/1270 621/722/1270
f 621/722/1271 20/725/1271 41/723/1271
f 20/725/1272 1/726/1272 41/723/1272
f 18/727/1273 632/640/1273 17/633/1273
f 19/652/1274 637/728/1274 18/727/1274
f 18/727/1275 637/728/1275 632/640/1275
f 637/728/1276 638/643/1276 632/640/1276
f 19/652/1277 20/651/1277 637/728/1277
f 20/651/1278 21/729/1278 637/728/1278
f 637/728/1279 21/729/1279 638/643/1279
f 21/729/1280 22/646/1280 638/643/1280
